pdf,page,table_index,csv_path,nrows,ncols
2022-Absa-Group-limited-Environmental-Social-and-Governance-Data-sheet.pdf,1,0,/home/souhail/Desktop/financial-rag/data/processed/tables/2022-Absa-Group-limited-Environmental-Social-and-Governance-Data-sheet_p1_t0.csv,19,1
2022-Absa-Group-limited-Environmental-Social-and-Governance-Data-sheet.pdf,2,0,/home/souhail/Desktop/financial-rag/data/processed/tables/2022-Absa-Group-limited-Environmental-Social-and-Governance-Data-sheet_p2_t0.csv,40,1
2022-Absa-Group-limited-Environmental-Social-and-Governance-Data-sheet.pdf,3,0,/home/souhail/Desktop/financial-rag/data/processed/tables/2022-Absa-Group-limited-Environmental-Social-and-Governance-Data-sheet_p3_t0.csv,33,1
2022-Absa-Group-limited-Environmental-Social-and-Governance-Data-sheet.pdf,4,0,/home/souhail/Desktop/financial-rag/data/processed/tables/2022-Absa-Group-limited-Environmental-Social-and-Governance-Data-sheet_p4_t0.csv,38,1
2022-Absa-Group-limited-Environmental-Social-and-Governance-Data-sheet.pdf,5,0,/home/souhail/Desktop/financial-rag/data/processed/tables/2022-Absa-Group-limited-Environmental-Social-and-Governance-Data-sheet_p5_t0.csv,30,1
2022-Absa-Group-limited-Environmental-Social-and-Governance-Data-sheet.pdf,6,0,/home/souhail/Desktop/financial-rag/data/processed/tables/2022-Absa-Group-limited-Environmental-Social-and-Governance-Data-sheet_p6_t0.csv,29,1
2022-Absa-Group-limited-Environmental-Social-and-Governance-Data-sheet.pdf,7,0,/home/souhail/Desktop/financial-rag/data/processed/tables/2022-Absa-Group-limited-Environmental-Social-and-Governance-Data-sheet_p7_t0.csv,11,16
2022-Absa-Group-limited-Environmental-Social-and-Governance-Data-sheet.pdf,9,0,/home/souhail/Desktop/financial-rag/data/processed/tables/2022-Absa-Group-limited-Environmental-Social-and-Governance-Data-sheet_p9_t0.csv,13,1
2022-Absa-Group-limited-Environmental-Social-and-Governance-Data-sheet.pdf,10,0,/home/souhail/Desktop/financial-rag/data/processed/tables/2022-Absa-Group-limited-Environmental-Social-and-Governance-Data-sheet_p10_t0.csv,7,1
2022-Absa-Group-limited-Environmental-Social-and-Governance-Data-sheet.pdf,11,0,/home/souhail/Desktop/financial-rag/data/processed/tables/2022-Absa-Group-limited-Environmental-Social-and-Governance-Data-sheet_p11_t0.csv,5,1
2022-Absa-Group-limited-Environmental-Social-and-Governance-Data-sheet.pdf,11,1,/home/souhail/Desktop/financial-rag/data/processed/tables/2022-Absa-Group-limited-Environmental-Social-and-Governance-Data-sheet_p11_t1.csv,4,6
2022-Absa-Group-limited-Environmental-Social-and-Governance-Data-sheet.pdf,12,0,/home/souhail/Desktop/financial-rag/data/processed/tables/2022-Absa-Group-limited-Environmental-Social-and-Governance-Data-sheet_p12_t0.csv,4,6
2022-Absa-Group-limited-Environmental-Social-and-Governance-Data-sheet.pdf,12,1,/home/souhail/Desktop/financial-rag/data/processed/tables/2022-Absa-Group-limited-Environmental-Social-and-Governance-Data-sheet_p12_t1.csv,16,1
2022-Absa-Group-limited-Environmental-Social-and-Governance-Data-sheet.pdf,13,0,/home/souhail/Desktop/financial-rag/data/processed/tables/2022-Absa-Group-limited-Environmental-Social-and-Governance-Data-sheet_p13_t0.csv,11,1
2022-Absa-Group-limited-Environmental-Social-and-Governance-Data-sheet.pdf,13,1,/home/souhail/Desktop/financial-rag/data/processed/tables/2022-Absa-Group-limited-Environmental-Social-and-Governance-Data-sheet_p13_t1.csv,14,1
2022-Absa-Group-limited-Environmental-Social-and-Governance-Data-sheet.pdf,14,0,/home/souhail/Desktop/financial-rag/data/processed/tables/2022-Absa-Group-limited-Environmental-Social-and-Governance-Data-sheet_p14_t0.csv,10,2
2022-Absa-Group-limited-Environmental-Social-and-Governance-Data-sheet.pdf,14,1,/home/souhail/Desktop/financial-rag/data/processed/tables/2022-Absa-Group-limited-Environmental-Social-and-Governance-Data-sheet_p14_t1.csv,8,2
2022-Absa-Group-limited-Environmental-Social-and-Governance-Data-sheet.pdf,15,0,/home/souhail/Desktop/financial-rag/data/processed/tables/2022-Absa-Group-limited-Environmental-Social-and-Governance-Data-sheet_p15_t0.csv,7,5
2022-Absa-Group-limited-Environmental-Social-and-Governance-Data-sheet.pdf,16,0,/home/souhail/Desktop/financial-rag/data/processed/tables/2022-Absa-Group-limited-Environmental-Social-and-Governance-Data-sheet_p16_t0.csv,8,6
2022-Absa-Group-limited-Environmental-Social-and-Governance-Data-sheet.pdf,17,0,/home/souhail/Desktop/financial-rag/data/processed/tables/2022-Absa-Group-limited-Environmental-Social-and-Governance-Data-sheet_p17_t0.csv,7,5
2022-Absa-Group-limited-Environmental-Social-and-Governance-Data-sheet.pdf,18,0,/home/souhail/Desktop/financial-rag/data/processed/tables/2022-Absa-Group-limited-Environmental-Social-and-Governance-Data-sheet_p18_t0.csv,7,6
2022-Absa-Group-limited-Environmental-Social-and-Governance-Data-sheet.pdf,19,0,/home/souhail/Desktop/financial-rag/data/processed/tables/2022-Absa-Group-limited-Environmental-Social-and-Governance-Data-sheet_p19_t0.csv,9,2
2022-Absa-Group-limited-Environmental-Social-and-Governance-Data-sheet.pdf,20,0,/home/souhail/Desktop/financial-rag/data/processed/tables/2022-Absa-Group-limited-Environmental-Social-and-Governance-Data-sheet_p20_t0.csv,41,1
2022-Absa-Group-limited-Environmental-Social-and-Governance-Data-sheet.pdf,21,0,/home/souhail/Desktop/financial-rag/data/processed/tables/2022-Absa-Group-limited-Environmental-Social-and-Governance-Data-sheet_p21_t0.csv,16,11
2022-Absa-Group-limited-Environmental-Social-and-Governance-Data-sheet.pdf,23,0,/home/souhail/Desktop/financial-rag/data/processed/tables/2022-Absa-Group-limited-Environmental-Social-and-Governance-Data-sheet_p23_t0.csv,38,1
2022-Absa-Group-limited-Environmental-Social-and-Governance-Data-sheet.pdf,24,0,/home/souhail/Desktop/financial-rag/data/processed/tables/2022-Absa-Group-limited-Environmental-Social-and-Governance-Data-sheet_p24_t0.csv,30,1
2022-Absa-Group-limited-Environmental-Social-and-Governance-Data-sheet.pdf,25,0,/home/souhail/Desktop/financial-rag/data/processed/tables/2022-Absa-Group-limited-Environmental-Social-and-Governance-Data-sheet_p25_t0.csv,11,1
2022-Absa-Group-limited-Environmental-Social-and-Governance-Data-sheet.pdf,25,1,/home/souhail/Desktop/financial-rag/data/processed/tables/2022-Absa-Group-limited-Environmental-Social-and-Governance-Data-sheet_p25_t1.csv,5,1
DISTELL ESG Appendix 2022.pdf,1,0,/home/souhail/Desktop/financial-rag/data/processed/tables/DISTELL ESG Appendix 2022_p1_t0.csv,9,1
DISTELL ESG Appendix 2022.pdf,2,0,/home/souhail/Desktop/financial-rag/data/processed/tables/DISTELL ESG Appendix 2022_p2_t0.csv,18,1
DISTELL ESG Appendix 2022.pdf,3,0,/home/souhail/Desktop/financial-rag/data/processed/tables/DISTELL ESG Appendix 2022_p3_t0.csv,18,1
DISTELL ESG Appendix 2022.pdf,4,0,/home/souhail/Desktop/financial-rag/data/processed/tables/DISTELL ESG Appendix 2022_p4_t0.csv,23,1
DISTELL ESG Appendix 2022.pdf,5,0,/home/souhail/Desktop/financial-rag/data/processed/tables/DISTELL ESG Appendix 2022_p5_t0.csv,18,1
DISTELL ESG Appendix 2022.pdf,6,0,/home/souhail/Desktop/financial-rag/data/processed/tables/DISTELL ESG Appendix 2022_p6_t0.csv,18,1
DISTELL ESG Appendix 2022.pdf,7,0,/home/souhail/Desktop/financial-rag/data/processed/tables/DISTELL ESG Appendix 2022_p7_t0.csv,25,1
DISTELL ESG Appendix 2022.pdf,8,0,/home/souhail/Desktop/financial-rag/data/processed/tables/DISTELL ESG Appendix 2022_p8_t0.csv,28,1
DISTELL ESG Appendix 2022.pdf,9,0,/home/souhail/Desktop/financial-rag/data/processed/tables/DISTELL ESG Appendix 2022_p9_t0.csv,32,1
DISTELL ESG Appendix 2022.pdf,12,0,/home/souhail/Desktop/financial-rag/data/processed/tables/DISTELL ESG Appendix 2022_p12_t0.csv,3,2
DISTELL ESG Appendix 2022.pdf,12,1,/home/souhail/Desktop/financial-rag/data/processed/tables/DISTELL ESG Appendix 2022_p12_t1.csv,2,2
DISTELL ESG Appendix 2022.pdf,12,2,/home/souhail/Desktop/financial-rag/data/processed/tables/DISTELL ESG Appendix 2022_p12_t2.csv,3,2
DISTELL ESG Appendix 2022.pdf,12,3,/home/souhail/Desktop/financial-rag/data/processed/tables/DISTELL ESG Appendix 2022_p12_t3.csv,2,2
DISTELL ESG Appendix 2022.pdf,13,0,/home/souhail/Desktop/financial-rag/data/processed/tables/DISTELL ESG Appendix 2022_p13_t0.csv,9,4
DISTELL ESG Appendix 2022.pdf,14,0,/home/souhail/Desktop/financial-rag/data/processed/tables/DISTELL ESG Appendix 2022_p14_t0.csv,3,4
DISTELL ESG Appendix 2022.pdf,14,1,/home/souhail/Desktop/financial-rag/data/processed/tables/DISTELL ESG Appendix 2022_p14_t1.csv,3,3
Clicks-Sustainability-Report-2022.pdf,2,0,/home/souhail/Desktop/financial-rag/data/processed/tables/Clicks-Sustainability-Report-2022_p2_t0.csv,3,2
Clicks-Sustainability-Report-2022.pdf,5,0,/home/souhail/Desktop/financial-rag/data/processed/tables/Clicks-Sustainability-Report-2022_p5_t0.csv,0,2
Clicks-Sustainability-Report-2022.pdf,7,0,/home/souhail/Desktop/financial-rag/data/processed/tables/Clicks-Sustainability-Report-2022_p7_t0.csv,0,2
Clicks-Sustainability-Report-2022.pdf,7,1,/home/souhail/Desktop/financial-rag/data/processed/tables/Clicks-Sustainability-Report-2022_p7_t1.csv,3,2
Clicks-Sustainability-Report-2022.pdf,8,0,/home/souhail/Desktop/financial-rag/data/processed/tables/Clicks-Sustainability-Report-2022_p8_t0.csv,15,1
Clicks-Sustainability-Report-2022.pdf,8,1,/home/souhail/Desktop/financial-rag/data/processed/tables/Clicks-Sustainability-Report-2022_p8_t1.csv,5,2
Clicks-Sustainability-Report-2022.pdf,9,0,/home/souhail/Desktop/financial-rag/data/processed/tables/Clicks-Sustainability-Report-2022_p9_t0.csv,1,2
Clicks-Sustainability-Report-2022.pdf,9,1,/home/souhail/Desktop/financial-rag/data/processed/tables/Clicks-Sustainability-Report-2022_p9_t1.csv,2,2
Clicks-Sustainability-Report-2022.pdf,10,0,/home/souhail/Desktop/financial-rag/data/processed/tables/Clicks-Sustainability-Report-2022_p10_t0.csv,0,2
Clicks-Sustainability-Report-2022.pdf,12,0,/home/souhail/Desktop/financial-rag/data/processed/tables/Clicks-Sustainability-Report-2022_p12_t0.csv,0,2
Clicks-Sustainability-Report-2022.pdf,13,0,/home/souhail/Desktop/financial-rag/data/processed/tables/Clicks-Sustainability-Report-2022_p13_t0.csv,6,9
Clicks-Sustainability-Report-2022.pdf,14,0,/home/souhail/Desktop/financial-rag/data/processed/tables/Clicks-Sustainability-Report-2022_p14_t0.csv,6,2
Clicks-Sustainability-Report-2022.pdf,14,1,/home/souhail/Desktop/financial-rag/data/processed/tables/Clicks-Sustainability-Report-2022_p14_t1.csv,4,2
Clicks-Sustainability-Report-2022.pdf,16,0,/home/souhail/Desktop/financial-rag/data/processed/tables/Clicks-Sustainability-Report-2022_p16_t0.csv,5,2
Clicks-Sustainability-Report-2022.pdf,19,0,/home/souhail/Desktop/financial-rag/data/processed/tables/Clicks-Sustainability-Report-2022_p19_t0.csv,30,2
Clicks-Sustainability-Report-2022.pdf,19,1,/home/souhail/Desktop/financial-rag/data/processed/tables/Clicks-Sustainability-Report-2022_p19_t1.csv,25,2
2021ESG.pdf,0,0,/home/souhail/Desktop/financial-rag/data/processed/tables/2021ESG_p0_t0.csv,2,1
2021ESG.pdf,1,0,/home/souhail/Desktop/financial-rag/data/processed/tables/2021ESG_p1_t0.csv,2,1
2021ESG.pdf,1,1,/home/souhail/Desktop/financial-rag/data/processed/tables/2021ESG_p1_t1.csv,1,3
2021ESG.pdf,1,2,/home/souhail/Desktop/financial-rag/data/processed/tables/2021ESG_p1_t2.csv,3,1
2021ESG.pdf,3,0,/home/souhail/Desktop/financial-rag/data/processed/tables/2021ESG_p3_t0.csv,47,6
2021ESG.pdf,4,0,/home/souhail/Desktop/financial-rag/data/processed/tables/2021ESG_p4_t0.csv,50,6
2021ESG.pdf,5,0,/home/souhail/Desktop/financial-rag/data/processed/tables/2021ESG_p5_t0.csv,48,6
2021ESG.pdf,6,0,/home/souhail/Desktop/financial-rag/data/processed/tables/2021ESG_p6_t0.csv,38,6
2021ESG.pdf,7,0,/home/souhail/Desktop/financial-rag/data/processed/tables/2021ESG_p7_t0.csv,50,6
2021ESG.pdf,8,0,/home/souhail/Desktop/financial-rag/data/processed/tables/2021ESG_p8_t0.csv,28,6
2021ESG.pdf,10,0,/home/souhail/Desktop/financial-rag/data/processed/tables/2021ESG_p10_t0.csv,6,2
2021ESG.pdf,13,0,/home/souhail/Desktop/financial-rag/data/processed/tables/2021ESG_p13_t0.csv,15,10
2021ESG.pdf,14,0,/home/souhail/Desktop/financial-rag/data/processed/tables/2021ESG_p14_t0.csv,21,10
2021ESG.pdf,15,0,/home/souhail/Desktop/financial-rag/data/processed/tables/2021ESG_p15_t0.csv,0,2
2021ESG.pdf,16,0,/home/souhail/Desktop/financial-rag/data/processed/tables/2021ESG_p16_t0.csv,0,2
2021ESG.pdf,16,1,/home/souhail/Desktop/financial-rag/data/processed/tables/2021ESG_p16_t1.csv,0,3
2021ESG.pdf,19,0,/home/souhail/Desktop/financial-rag/data/processed/tables/2021ESG_p19_t0.csv,2,1
2021ESG.pdf,23,0,/home/souhail/Desktop/financial-rag/data/processed/tables/2021ESG_p23_t0.csv,1,2
2021ESG.pdf,24,0,/home/souhail/Desktop/financial-rag/data/processed/tables/2021ESG_p24_t0.csv,0,2
2021ESG.pdf,26,0,/home/souhail/Desktop/financial-rag/data/processed/tables/2021ESG_p26_t0.csv,0,2
2021ESG.pdf,28,0,/home/souhail/Desktop/financial-rag/data/processed/tables/2021ESG_p28_t0.csv,6,5
2021ESG.pdf,29,0,/home/souhail/Desktop/financial-rag/data/processed/tables/2021ESG_p29_t0.csv,8,6
2021ESG.pdf,30,0,/home/souhail/Desktop/financial-rag/data/processed/tables/2021ESG_p30_t0.csv,7,5
2021ESG.pdf,31,0,/home/souhail/Desktop/financial-rag/data/processed/tables/2021ESG_p31_t0.csv,2,3
2021ESG.pdf,32,0,/home/souhail/Desktop/financial-rag/data/processed/tables/2021ESG_p32_t0.csv,10,7
2021ESG.pdf,33,0,/home/souhail/Desktop/financial-rag/data/processed/tables/2021ESG_p33_t0.csv,5,6
2021ESG.pdf,34,0,/home/souhail/Desktop/financial-rag/data/processed/tables/2021ESG_p34_t0.csv,5,7
2021ESG.pdf,35,0,/home/souhail/Desktop/financial-rag/data/processed/tables/2021ESG_p35_t0.csv,7,5
2021ESG.pdf,36,0,/home/souhail/Desktop/financial-rag/data/processed/tables/2021ESG_p36_t0.csv,8,4
2021ESG.pdf,37,0,/home/souhail/Desktop/financial-rag/data/processed/tables/2021ESG_p37_t0.csv,11,6
2021ESG.pdf,38,0,/home/souhail/Desktop/financial-rag/data/processed/tables/2021ESG_p38_t0.csv,5,7
2021ESG.pdf,40,0,/home/souhail/Desktop/financial-rag/data/processed/tables/2021ESG_p40_t0.csv,13,3
2021ESG.pdf,43,0,/home/souhail/Desktop/financial-rag/data/processed/tables/2021ESG_p43_t0.csv,2,1
2021ESG.pdf,43,1,/home/souhail/Desktop/financial-rag/data/processed/tables/2021ESG_p43_t1.csv,2,1
2021ESG.pdf,43,2,/home/souhail/Desktop/financial-rag/data/processed/tables/2021ESG_p43_t2.csv,3,1
2021ESG.pdf,43,3,/home/souhail/Desktop/financial-rag/data/processed/tables/2021ESG_p43_t3.csv,2,1
2021ESG.pdf,46,0,/home/souhail/Desktop/financial-rag/data/processed/tables/2021ESG_p46_t0.csv,3,1
2021ESG.pdf,46,1,/home/souhail/Desktop/financial-rag/data/processed/tables/2021ESG_p46_t1.csv,3,1
2021ESG.pdf,46,2,/home/souhail/Desktop/financial-rag/data/processed/tables/2021ESG_p46_t2.csv,2,1
2021ESG.pdf,46,3,/home/souhail/Desktop/financial-rag/data/processed/tables/2021ESG_p46_t3.csv,2,1
2021ESG.pdf,46,4,/home/souhail/Desktop/financial-rag/data/processed/tables/2021ESG_p46_t4.csv,2,1
2021ESG.pdf,47,0,/home/souhail/Desktop/financial-rag/data/processed/tables/2021ESG_p47_t0.csv,2,1
2021ESG.pdf,49,0,/home/souhail/Desktop/financial-rag/data/processed/tables/2021ESG_p49_t0.csv,2,1
2021ESG.pdf,49,1,/home/souhail/Desktop/financial-rag/data/processed/tables/2021ESG_p49_t1.csv,4,1
2021ESG.pdf,49,2,/home/souhail/Desktop/financial-rag/data/processed/tables/2021ESG_p49_t2.csv,2,1
2021ESG.pdf,50,0,/home/souhail/Desktop/financial-rag/data/processed/tables/2021ESG_p50_t0.csv,12,5
2021ESG.pdf,50,1,/home/souhail/Desktop/financial-rag/data/processed/tables/2021ESG_p50_t1.csv,10,3
2021ESG.pdf,51,0,/home/souhail/Desktop/financial-rag/data/processed/tables/2021ESG_p51_t0.csv,7,1
2021ESG.pdf,51,1,/home/souhail/Desktop/financial-rag/data/processed/tables/2021ESG_p51_t1.csv,5,1
2021ESG.pdf,52,0,/home/souhail/Desktop/financial-rag/data/processed/tables/2021ESG_p52_t0.csv,0,2
2021ESG.pdf,52,1,/home/souhail/Desktop/financial-rag/data/processed/tables/2021ESG_p52_t1.csv,2,1
2021ESG.pdf,52,2,/home/souhail/Desktop/financial-rag/data/processed/tables/2021ESG_p52_t2.csv,8,1
2021ESG.pdf,54,0,/home/souhail/Desktop/financial-rag/data/processed/tables/2021ESG_p54_t0.csv,2,1
2021ESG.pdf,55,0,/home/souhail/Desktop/financial-rag/data/processed/tables/2021ESG_p55_t0.csv,7,13
2021ESG.pdf,55,1,/home/souhail/Desktop/financial-rag/data/processed/tables/2021ESG_p55_t1.csv,6,6
2021ESG.pdf,55,2,/home/souhail/Desktop/financial-rag/data/processed/tables/2021ESG_p55_t2.csv,3,1
2021ESG.pdf,57,0,/home/souhail/Desktop/financial-rag/data/processed/tables/2021ESG_p57_t0.csv,2,1
2021ESG.pdf,57,1,/home/souhail/Desktop/financial-rag/data/processed/tables/2021ESG_p57_t1.csv,2,1
2021ESG.pdf,57,2,/home/souhail/Desktop/financial-rag/data/processed/tables/2021ESG_p57_t2.csv,2,1
2021ESG.pdf,60,0,/home/souhail/Desktop/financial-rag/data/processed/tables/2021ESG_p60_t0.csv,0,2
2021ESG.pdf,61,0,/home/souhail/Desktop/financial-rag/data/processed/tables/2021ESG_p61_t0.csv,3,4
2021ESG.pdf,61,1,/home/souhail/Desktop/financial-rag/data/processed/tables/2021ESG_p61_t1.csv,0,2
2021ESG.pdf,63,0,/home/souhail/Desktop/financial-rag/data/processed/tables/2021ESG_p63_t0.csv,1,3
2021ESG.pdf,63,1,/home/souhail/Desktop/financial-rag/data/processed/tables/2021ESG_p63_t1.csv,2,1
2021ESG.pdf,63,2,/home/souhail/Desktop/financial-rag/data/processed/tables/2021ESG_p63_t2.csv,2,1
2021ESG.pdf,63,3,/home/souhail/Desktop/financial-rag/data/processed/tables/2021ESG_p63_t3.csv,2,1
2021ESG.pdf,63,4,/home/souhail/Desktop/financial-rag/data/processed/tables/2021ESG_p63_t4.csv,2,1
2021ESG.pdf,64,0,/home/souhail/Desktop/financial-rag/data/processed/tables/2021ESG_p64_t0.csv,0,4
2021ESG.pdf,64,1,/home/souhail/Desktop/financial-rag/data/processed/tables/2021ESG_p64_t1.csv,4,1
2021ESG.pdf,65,0,/home/souhail/Desktop/financial-rag/data/processed/tables/2021ESG_p65_t0.csv,0,2
2021ESG.pdf,65,1,/home/souhail/Desktop/financial-rag/data/processed/tables/2021ESG_p65_t1.csv,0,2
2021ESG.pdf,65,2,/home/souhail/Desktop/financial-rag/data/processed/tables/2021ESG_p65_t2.csv,0,2
2021ESG.pdf,66,0,/home/souhail/Desktop/financial-rag/data/processed/tables/2021ESG_p66_t0.csv,0,2
2021ESG.pdf,66,1,/home/souhail/Desktop/financial-rag/data/processed/tables/2021ESG_p66_t1.csv,0,2
2021ESG.pdf,67,0,/home/souhail/Desktop/financial-rag/data/processed/tables/2021ESG_p67_t0.csv,0,2
2021ESG.pdf,67,1,/home/souhail/Desktop/financial-rag/data/processed/tables/2021ESG_p67_t1.csv,0,2
2021ESG.pdf,67,2,/home/souhail/Desktop/financial-rag/data/processed/tables/2021ESG_p67_t2.csv,0,2
2021ESG.pdf,69,0,/home/souhail/Desktop/financial-rag/data/processed/tables/2021ESG_p69_t0.csv,0,2
2021ESG.pdf,69,1,/home/souhail/Desktop/financial-rag/data/processed/tables/2021ESG_p69_t1.csv,0,2
2021ESG.pdf,69,2,/home/souhail/Desktop/financial-rag/data/processed/tables/2021ESG_p69_t2.csv,0,2
2021ESG.pdf,70,0,/home/souhail/Desktop/financial-rag/data/processed/tables/2021ESG_p70_t0.csv,0,2
2021ESG.pdf,70,1,/home/souhail/Desktop/financial-rag/data/processed/tables/2021ESG_p70_t1.csv,0,2
2021ESG.pdf,70,2,/home/souhail/Desktop/financial-rag/data/processed/tables/2021ESG_p70_t2.csv,0,2
2021ESG.pdf,72,0,/home/souhail/Desktop/financial-rag/data/processed/tables/2021ESG_p72_t0.csv,0,2
2021ESG.pdf,72,1,/home/souhail/Desktop/financial-rag/data/processed/tables/2021ESG_p72_t1.csv,0,2
2021ESG.pdf,72,2,/home/souhail/Desktop/financial-rag/data/processed/tables/2021ESG_p72_t2.csv,0,2
2021ESG.pdf,77,0,/home/souhail/Desktop/financial-rag/data/processed/tables/2021ESG_p77_t0.csv,4,1
2021ESG.pdf,77,1,/home/souhail/Desktop/financial-rag/data/processed/tables/2021ESG_p77_t1.csv,2,1
2021ESG.pdf,77,2,/home/souhail/Desktop/financial-rag/data/processed/tables/2021ESG_p77_t2.csv,2,1
2021ESG.pdf,77,3,/home/souhail/Desktop/financial-rag/data/processed/tables/2021ESG_p77_t3.csv,2,1
2021ESG.pdf,77,4,/home/souhail/Desktop/financial-rag/data/processed/tables/2021ESG_p77_t4.csv,2,1
2021ESG.pdf,77,5,/home/souhail/Desktop/financial-rag/data/processed/tables/2021ESG_p77_t5.csv,2,1
2021ESG.pdf,81,0,/home/souhail/Desktop/financial-rag/data/processed/tables/2021ESG_p81_t0.csv,0,2
2021ESG.pdf,81,1,/home/souhail/Desktop/financial-rag/data/processed/tables/2021ESG_p81_t1.csv,2,1
2021ESG.pdf,83,0,/home/souhail/Desktop/financial-rag/data/processed/tables/2021ESG_p83_t0.csv,5,1
2021ESG.pdf,87,0,/home/souhail/Desktop/financial-rag/data/processed/tables/2021ESG_p87_t0.csv,0,2
2021ESG.pdf,87,1,/home/souhail/Desktop/financial-rag/data/processed/tables/2021ESG_p87_t1.csv,2,1
2021ESG.pdf,87,2,/home/souhail/Desktop/financial-rag/data/processed/tables/2021ESG_p87_t2.csv,2,1
2021ESG.pdf,88,0,/home/souhail/Desktop/financial-rag/data/processed/tables/2021ESG_p88_t0.csv,0,2
2021ESG.pdf,89,0,/home/souhail/Desktop/financial-rag/data/processed/tables/2021ESG_p89_t0.csv,4,2
2021ESG.pdf,89,1,/home/souhail/Desktop/financial-rag/data/processed/tables/2021ESG_p89_t1.csv,2,1
2021ESG.pdf,90,0,/home/souhail/Desktop/financial-rag/data/processed/tables/2021ESG_p90_t0.csv,1,3
2021ESG.pdf,91,0,/home/souhail/Desktop/financial-rag/data/processed/tables/2021ESG_p91_t0.csv,2,1
2021ESG.pdf,91,1,/home/souhail/Desktop/financial-rag/data/processed/tables/2021ESG_p91_t1.csv,4,2
2021ESG.pdf,95,0,/home/souhail/Desktop/financial-rag/data/processed/tables/2021ESG_p95_t0.csv,3,2
2021ESG.pdf,96,0,/home/souhail/Desktop/financial-rag/data/processed/tables/2021ESG_p96_t0.csv,0,2
2021ESG.pdf,96,1,/home/souhail/Desktop/financial-rag/data/processed/tables/2021ESG_p96_t1.csv,5,1
2021ESG.pdf,96,2,/home/souhail/Desktop/financial-rag/data/processed/tables/2021ESG_p96_t2.csv,4,1
2021ESG.pdf,98,0,/home/souhail/Desktop/financial-rag/data/processed/tables/2021ESG_p98_t0.csv,21,1
2021ESG.pdf,100,0,/home/souhail/Desktop/financial-rag/data/processed/tables/2021ESG_p100_t0.csv,15,2
2021ESG.pdf,102,0,/home/souhail/Desktop/financial-rag/data/processed/tables/2021ESG_p102_t0.csv,1,4
2021ESG.pdf,102,1,/home/souhail/Desktop/financial-rag/data/processed/tables/2021ESG_p102_t1.csv,0,2
2021ESG.pdf,102,2,/home/souhail/Desktop/financial-rag/data/processed/tables/2021ESG_p102_t2.csv,0,2
2021ESG.pdf,102,3,/home/souhail/Desktop/financial-rag/data/processed/tables/2021ESG_p102_t3.csv,0,2
2021ESG.pdf,103,0,/home/souhail/Desktop/financial-rag/data/processed/tables/2021ESG_p103_t0.csv,39,6
2021ESG.pdf,104,0,/home/souhail/Desktop/financial-rag/data/processed/tables/2021ESG_p104_t0.csv,50,6
ESG-spreads.pdf,0,0,/home/souhail/Desktop/financial-rag/data/processed/tables/ESG-spreads_p0_t0.csv,3,2
ESG-spreads.pdf,1,0,/home/souhail/Desktop/financial-rag/data/processed/tables/ESG-spreads_p1_t0.csv,0,7
ESG-spreads.pdf,1,1,/home/souhail/Desktop/financial-rag/data/processed/tables/ESG-spreads_p1_t1.csv,0,3
ESG-spreads.pdf,1,2,/home/souhail/Desktop/financial-rag/data/processed/tables/ESG-spreads_p1_t2.csv,0,2
ESG-spreads.pdf,1,3,/home/souhail/Desktop/financial-rag/data/processed/tables/ESG-spreads_p1_t3.csv,2,1
ESG-spreads.pdf,1,4,/home/souhail/Desktop/financial-rag/data/processed/tables/ESG-spreads_p1_t4.csv,0,3
ESG-spreads.pdf,1,5,/home/souhail/Desktop/financial-rag/data/processed/tables/ESG-spreads_p1_t5.csv,0,3
ESG-spreads.pdf,1,6,/home/souhail/Desktop/financial-rag/data/processed/tables/ESG-spreads_p1_t6.csv,0,2
ESG-spreads.pdf,1,7,/home/souhail/Desktop/financial-rag/data/processed/tables/ESG-spreads_p1_t7.csv,0,3
ESG-spreads.pdf,1,8,/home/souhail/Desktop/financial-rag/data/processed/tables/ESG-spreads_p1_t8.csv,0,3
ESG-spreads.pdf,1,9,/home/souhail/Desktop/financial-rag/data/processed/tables/ESG-spreads_p1_t9.csv,0,2
ESG-spreads.pdf,1,10,/home/souhail/Desktop/financial-rag/data/processed/tables/ESG-spreads_p1_t10.csv,8,9
ESG-spreads.pdf,1,11,/home/souhail/Desktop/financial-rag/data/processed/tables/ESG-spreads_p1_t11.csv,0,3
ESG-spreads.pdf,1,12,/home/souhail/Desktop/financial-rag/data/processed/tables/ESG-spreads_p1_t12.csv,0,2
ESG-spreads.pdf,1,13,/home/souhail/Desktop/financial-rag/data/processed/tables/ESG-spreads_p1_t13.csv,0,3
ESG-spreads.pdf,2,0,/home/souhail/Desktop/financial-rag/data/processed/tables/ESG-spreads_p2_t0.csv,0,7
ESG-spreads.pdf,2,1,/home/souhail/Desktop/financial-rag/data/processed/tables/ESG-spreads_p2_t1.csv,6,1
ESG-spreads.pdf,2,2,/home/souhail/Desktop/financial-rag/data/processed/tables/ESG-spreads_p2_t2.csv,0,2
ESG-spreads.pdf,2,3,/home/souhail/Desktop/financial-rag/data/processed/tables/ESG-spreads_p2_t3.csv,0,2
ESG-spreads.pdf,2,4,/home/souhail/Desktop/financial-rag/data/processed/tables/ESG-spreads_p2_t4.csv,0,2
ESG-spreads.pdf,2,5,/home/souhail/Desktop/financial-rag/data/processed/tables/ESG-spreads_p2_t5.csv,0,2
ESG-spreads.pdf,3,0,/home/souhail/Desktop/financial-rag/data/processed/tables/ESG-spreads_p3_t0.csv,0,7
ESG-spreads.pdf,3,1,/home/souhail/Desktop/financial-rag/data/processed/tables/ESG-spreads_p3_t1.csv,11,5
ESG-spreads.pdf,3,2,/home/souhail/Desktop/financial-rag/data/processed/tables/ESG-spreads_p3_t2.csv,2,1
ESG-spreads.pdf,3,3,/home/souhail/Desktop/financial-rag/data/processed/tables/ESG-spreads_p3_t3.csv,0,2
ESG-spreads.pdf,3,4,/home/souhail/Desktop/financial-rag/data/processed/tables/ESG-spreads_p3_t4.csv,3,1
ESG-spreads.pdf,3,5,/home/souhail/Desktop/financial-rag/data/processed/tables/ESG-spreads_p3_t5.csv,0,2
ESG-spreads.pdf,4,0,/home/souhail/Desktop/financial-rag/data/processed/tables/ESG-spreads_p4_t0.csv,0,7
ESG-spreads.pdf,5,0,/home/souhail/Desktop/financial-rag/data/processed/tables/ESG-spreads_p5_t0.csv,0,7
ESG-spreads.pdf,5,1,/home/souhail/Desktop/financial-rag/data/processed/tables/ESG-spreads_p5_t1.csv,2,4
ESG-spreads.pdf,5,2,/home/souhail/Desktop/financial-rag/data/processed/tables/ESG-spreads_p5_t2.csv,2,1
ESG-spreads.pdf,5,3,/home/souhail/Desktop/financial-rag/data/processed/tables/ESG-spreads_p5_t3.csv,2,1
ESG-spreads.pdf,5,4,/home/souhail/Desktop/financial-rag/data/processed/tables/ESG-spreads_p5_t4.csv,14,3
ESG-spreads.pdf,6,0,/home/souhail/Desktop/financial-rag/data/processed/tables/ESG-spreads_p6_t0.csv,0,7
ESG-spreads.pdf,6,1,/home/souhail/Desktop/financial-rag/data/processed/tables/ESG-spreads_p6_t1.csv,12,4
ESG-spreads.pdf,6,2,/home/souhail/Desktop/financial-rag/data/processed/tables/ESG-spreads_p6_t2.csv,20,4
ESG-spreads.pdf,6,3,/home/souhail/Desktop/financial-rag/data/processed/tables/ESG-spreads_p6_t3.csv,14,4
ESG-spreads.pdf,6,4,/home/souhail/Desktop/financial-rag/data/processed/tables/ESG-spreads_p6_t4.csv,3,4
ESG-spreads.pdf,6,5,/home/souhail/Desktop/financial-rag/data/processed/tables/ESG-spreads_p6_t5.csv,14,4
ESG-spreads.pdf,6,6,/home/souhail/Desktop/financial-rag/data/processed/tables/ESG-spreads_p6_t6.csv,2,4
ESG-spreads.pdf,7,0,/home/souhail/Desktop/financial-rag/data/processed/tables/ESG-spreads_p7_t0.csv,0,7
ESG-spreads.pdf,7,1,/home/souhail/Desktop/financial-rag/data/processed/tables/ESG-spreads_p7_t1.csv,12,11
ESG-spreads.pdf,7,2,/home/souhail/Desktop/financial-rag/data/processed/tables/ESG-spreads_p7_t2.csv,0,2
ESG-spreads.pdf,7,3,/home/souhail/Desktop/financial-rag/data/processed/tables/ESG-spreads_p7_t3.csv,0,2
ESG-spreads.pdf,8,0,/home/souhail/Desktop/financial-rag/data/processed/tables/ESG-spreads_p8_t0.csv,0,7
ESG-spreads.pdf,8,1,/home/souhail/Desktop/financial-rag/data/processed/tables/ESG-spreads_p8_t1.csv,5,6
ESG-spreads.pdf,8,2,/home/souhail/Desktop/financial-rag/data/processed/tables/ESG-spreads_p8_t2.csv,11,9
ESG-spreads.pdf,8,3,/home/souhail/Desktop/financial-rag/data/processed/tables/ESG-spreads_p8_t3.csv,2,1
ESG-spreads.pdf,9,0,/home/souhail/Desktop/financial-rag/data/processed/tables/ESG-spreads_p9_t0.csv,0,7
ESG-spreads.pdf,10,0,/home/souhail/Desktop/financial-rag/data/processed/tables/ESG-spreads_p10_t0.csv,0,7
ESG-spreads.pdf,11,0,/home/souhail/Desktop/financial-rag/data/processed/tables/ESG-spreads_p11_t0.csv,0,7
ESG-spreads.pdf,12,0,/home/souhail/Desktop/financial-rag/data/processed/tables/ESG-spreads_p12_t0.csv,0,7
ESG-spreads.pdf,12,1,/home/souhail/Desktop/financial-rag/data/processed/tables/ESG-spreads_p12_t1.csv,2,1
ESG-spreads.pdf,13,0,/home/souhail/Desktop/financial-rag/data/processed/tables/ESG-spreads_p13_t0.csv,0,7
ESG-spreads.pdf,13,1,/home/souhail/Desktop/financial-rag/data/processed/tables/ESG-spreads_p13_t1.csv,7,4
ESG-spreads.pdf,13,2,/home/souhail/Desktop/financial-rag/data/processed/tables/ESG-spreads_p13_t2.csv,5,5
ESG-spreads.pdf,14,0,/home/souhail/Desktop/financial-rag/data/processed/tables/ESG-spreads_p14_t0.csv,0,7
ESG-spreads.pdf,14,1,/home/souhail/Desktop/financial-rag/data/processed/tables/ESG-spreads_p14_t1.csv,1,5
ESG-spreads.pdf,14,2,/home/souhail/Desktop/financial-rag/data/processed/tables/ESG-spreads_p14_t2.csv,2,4
ESG-spreads.pdf,14,3,/home/souhail/Desktop/financial-rag/data/processed/tables/ESG-spreads_p14_t3.csv,4,1
ESG-spreads.pdf,14,4,/home/souhail/Desktop/financial-rag/data/processed/tables/ESG-spreads_p14_t4.csv,4,1
ESG-spreads.pdf,14,5,/home/souhail/Desktop/financial-rag/data/processed/tables/ESG-spreads_p14_t5.csv,4,1
ESG-spreads.pdf,14,6,/home/souhail/Desktop/financial-rag/data/processed/tables/ESG-spreads_p14_t6.csv,0,4
ESG-spreads.pdf,15,0,/home/souhail/Desktop/financial-rag/data/processed/tables/ESG-spreads_p15_t0.csv,0,7
ESG-spreads.pdf,16,0,/home/souhail/Desktop/financial-rag/data/processed/tables/ESG-spreads_p16_t0.csv,0,7
ESG-spreads.pdf,17,0,/home/souhail/Desktop/financial-rag/data/processed/tables/ESG-spreads_p17_t0.csv,4,4
ESG-spreads.pdf,17,1,/home/souhail/Desktop/financial-rag/data/processed/tables/ESG-spreads_p17_t1.csv,0,7
ESG-spreads.pdf,17,2,/home/souhail/Desktop/financial-rag/data/processed/tables/ESG-spreads_p17_t2.csv,5,1
ESG-spreads.pdf,17,3,/home/souhail/Desktop/financial-rag/data/processed/tables/ESG-spreads_p17_t3.csv,2,1
ESG-spreads.pdf,18,0,/home/souhail/Desktop/financial-rag/data/processed/tables/ESG-spreads_p18_t0.csv,0,7
ESG-spreads.pdf,19,0,/home/souhail/Desktop/financial-rag/data/processed/tables/ESG-spreads_p19_t0.csv,0,7
ESG-spreads.pdf,19,1,/home/souhail/Desktop/financial-rag/data/processed/tables/ESG-spreads_p19_t1.csv,2,1
ESG-spreads.pdf,19,2,/home/souhail/Desktop/financial-rag/data/processed/tables/ESG-spreads_p19_t2.csv,6,10
ESG-spreads.pdf,19,3,/home/souhail/Desktop/financial-rag/data/processed/tables/ESG-spreads_p19_t3.csv,6,13
ESG-spreads.pdf,19,4,/home/souhail/Desktop/financial-rag/data/processed/tables/ESG-spreads_p19_t4.csv,0,4
ESG-spreads.pdf,20,0,/home/souhail/Desktop/financial-rag/data/processed/tables/ESG-spreads_p20_t0.csv,0,7
ESG-spreads.pdf,20,1,/home/souhail/Desktop/financial-rag/data/processed/tables/ESG-spreads_p20_t1.csv,2,1
ESG-spreads.pdf,21,0,/home/souhail/Desktop/financial-rag/data/processed/tables/ESG-spreads_p21_t0.csv,0,7
ESG-spreads.pdf,21,1,/home/souhail/Desktop/financial-rag/data/processed/tables/ESG-spreads_p21_t1.csv,3,7
ESG-spreads.pdf,22,0,/home/souhail/Desktop/financial-rag/data/processed/tables/ESG-spreads_p22_t0.csv,0,7
ESG-spreads.pdf,22,1,/home/souhail/Desktop/financial-rag/data/processed/tables/ESG-spreads_p22_t1.csv,1,2
ESG-spreads.pdf,22,2,/home/souhail/Desktop/financial-rag/data/processed/tables/ESG-spreads_p22_t2.csv,5,5
ESG-spreads.pdf,22,3,/home/souhail/Desktop/financial-rag/data/processed/tables/ESG-spreads_p22_t3.csv,5,5
ESG-spreads.pdf,22,4,/home/souhail/Desktop/financial-rag/data/processed/tables/ESG-spreads_p22_t4.csv,4,5
ESG-spreads.pdf,22,5,/home/souhail/Desktop/financial-rag/data/processed/tables/ESG-spreads_p22_t5.csv,6,5
ESG-spreads.pdf,23,0,/home/souhail/Desktop/financial-rag/data/processed/tables/ESG-spreads_p23_t0.csv,0,7
ESG-spreads.pdf,23,1,/home/souhail/Desktop/financial-rag/data/processed/tables/ESG-spreads_p23_t1.csv,4,5
ESG-spreads.pdf,23,2,/home/souhail/Desktop/financial-rag/data/processed/tables/ESG-spreads_p23_t2.csv,5,4
ESG-spreads.pdf,23,3,/home/souhail/Desktop/financial-rag/data/processed/tables/ESG-spreads_p23_t3.csv,5,4
ESG-spreads.pdf,24,0,/home/souhail/Desktop/financial-rag/data/processed/tables/ESG-spreads_p24_t0.csv,0,7
ESG-spreads.pdf,25,0,/home/souhail/Desktop/financial-rag/data/processed/tables/ESG-spreads_p25_t0.csv,0,7
ESG-spreads.pdf,25,1,/home/souhail/Desktop/financial-rag/data/processed/tables/ESG-spreads_p25_t1.csv,0,2
ESG-spreads.pdf,25,2,/home/souhail/Desktop/financial-rag/data/processed/tables/ESG-spreads_p25_t2.csv,2,1
ESG-spreads.pdf,26,0,/home/souhail/Desktop/financial-rag/data/processed/tables/ESG-spreads_p26_t0.csv,0,7
ESG-spreads.pdf,27,0,/home/souhail/Desktop/financial-rag/data/processed/tables/ESG-spreads_p27_t0.csv,0,7
ESG-spreads.pdf,27,1,/home/souhail/Desktop/financial-rag/data/processed/tables/ESG-spreads_p27_t1.csv,3,1
ESG-spreads.pdf,27,2,/home/souhail/Desktop/financial-rag/data/processed/tables/ESG-spreads_p27_t2.csv,1,2
ESG-spreads.pdf,27,3,/home/souhail/Desktop/financial-rag/data/processed/tables/ESG-spreads_p27_t3.csv,5,5
ESG-spreads.pdf,28,0,/home/souhail/Desktop/financial-rag/data/processed/tables/ESG-spreads_p28_t0.csv,0,7
ESG-spreads.pdf,28,1,/home/souhail/Desktop/financial-rag/data/processed/tables/ESG-spreads_p28_t1.csv,1,2
ESG-spreads.pdf,28,2,/home/souhail/Desktop/financial-rag/data/processed/tables/ESG-spreads_p28_t2.csv,4,1
ESG-spreads.pdf,28,3,/home/souhail/Desktop/financial-rag/data/processed/tables/ESG-spreads_p28_t3.csv,3,1
ESG-spreads.pdf,28,4,/home/souhail/Desktop/financial-rag/data/processed/tables/ESG-spreads_p28_t4.csv,4,1
ESG-spreads.pdf,28,5,/home/souhail/Desktop/financial-rag/data/processed/tables/ESG-spreads_p28_t5.csv,2,1
ESG-spreads.pdf,29,0,/home/souhail/Desktop/financial-rag/data/processed/tables/ESG-spreads_p29_t0.csv,0,7
ESG-spreads.pdf,29,1,/home/souhail/Desktop/financial-rag/data/processed/tables/ESG-spreads_p29_t1.csv,0,2
ESG-spreads.pdf,29,2,/home/souhail/Desktop/financial-rag/data/processed/tables/ESG-spreads_p29_t2.csv,2,1
ESG-spreads.pdf,29,3,/home/souhail/Desktop/financial-rag/data/processed/tables/ESG-spreads_p29_t3.csv,3,2
ESG-spreads.pdf,30,0,/home/souhail/Desktop/financial-rag/data/processed/tables/ESG-spreads_p30_t0.csv,0,7
ESG-spreads.pdf,30,1,/home/souhail/Desktop/financial-rag/data/processed/tables/ESG-spreads_p30_t1.csv,4,1
ESG-spreads.pdf,30,2,/home/souhail/Desktop/financial-rag/data/processed/tables/ESG-spreads_p30_t2.csv,2,1
ESG-spreads.pdf,30,3,/home/souhail/Desktop/financial-rag/data/processed/tables/ESG-spreads_p30_t3.csv,2,3
ESG-spreads.pdf,30,4,/home/souhail/Desktop/financial-rag/data/processed/tables/ESG-spreads_p30_t4.csv,2,2
ESG-spreads.pdf,31,0,/home/souhail/Desktop/financial-rag/data/processed/tables/ESG-spreads_p31_t0.csv,0,7
ESG-spreads.pdf,31,1,/home/souhail/Desktop/financial-rag/data/processed/tables/ESG-spreads_p31_t1.csv,1,2
ESG-spreads.pdf,31,2,/home/souhail/Desktop/financial-rag/data/processed/tables/ESG-spreads_p31_t2.csv,2,2
ESG-spreads.pdf,31,3,/home/souhail/Desktop/financial-rag/data/processed/tables/ESG-spreads_p31_t3.csv,8,1
ESG-spreads.pdf,31,4,/home/souhail/Desktop/financial-rag/data/processed/tables/ESG-spreads_p31_t4.csv,2,1
ESG-spreads.pdf,32,0,/home/souhail/Desktop/financial-rag/data/processed/tables/ESG-spreads_p32_t0.csv,0,7
ESG-spreads.pdf,32,1,/home/souhail/Desktop/financial-rag/data/processed/tables/ESG-spreads_p32_t1.csv,1,2
ESG-spreads.pdf,32,2,/home/souhail/Desktop/financial-rag/data/processed/tables/ESG-spreads_p32_t2.csv,0,2
ESG-spreads.pdf,32,3,/home/souhail/Desktop/financial-rag/data/processed/tables/ESG-spreads_p32_t3.csv,2,1
ESG-spreads.pdf,33,0,/home/souhail/Desktop/financial-rag/data/processed/tables/ESG-spreads_p33_t0.csv,0,7
ESG-spreads.pdf,33,1,/home/souhail/Desktop/financial-rag/data/processed/tables/ESG-spreads_p33_t1.csv,2,1
ESG-spreads.pdf,33,2,/home/souhail/Desktop/financial-rag/data/processed/tables/ESG-spreads_p33_t2.csv,1,3
ESG-spreads.pdf,33,3,/home/souhail/Desktop/financial-rag/data/processed/tables/ESG-spreads_p33_t3.csv,3,1
ESG-spreads.pdf,33,4,/home/souhail/Desktop/financial-rag/data/processed/tables/ESG-spreads_p33_t4.csv,4,2
ESG-spreads.pdf,33,5,/home/souhail/Desktop/financial-rag/data/processed/tables/ESG-spreads_p33_t5.csv,1,3
ESG-spreads.pdf,33,6,/home/souhail/Desktop/financial-rag/data/processed/tables/ESG-spreads_p33_t6.csv,1,3
ESG-spreads.pdf,33,7,/home/souhail/Desktop/financial-rag/data/processed/tables/ESG-spreads_p33_t7.csv,1,3
ESG-spreads.pdf,33,8,/home/souhail/Desktop/financial-rag/data/processed/tables/ESG-spreads_p33_t8.csv,2,3
ESG-spreads.pdf,33,9,/home/souhail/Desktop/financial-rag/data/processed/tables/ESG-spreads_p33_t9.csv,2,1
ESG-spreads.pdf,33,10,/home/souhail/Desktop/financial-rag/data/processed/tables/ESG-spreads_p33_t10.csv,2,1
ESG-spreads.pdf,33,11,/home/souhail/Desktop/financial-rag/data/processed/tables/ESG-spreads_p33_t11.csv,2,1
ESG-spreads.pdf,34,0,/home/souhail/Desktop/financial-rag/data/processed/tables/ESG-spreads_p34_t0.csv,0,7
ESG-spreads.pdf,34,1,/home/souhail/Desktop/financial-rag/data/processed/tables/ESG-spreads_p34_t1.csv,2,3
ESG-spreads.pdf,34,2,/home/souhail/Desktop/financial-rag/data/processed/tables/ESG-spreads_p34_t2.csv,4,2
ESG-spreads.pdf,35,0,/home/souhail/Desktop/financial-rag/data/processed/tables/ESG-spreads_p35_t0.csv,0,7
ESG-spreads.pdf,35,1,/home/souhail/Desktop/financial-rag/data/processed/tables/ESG-spreads_p35_t1.csv,1,3
ESG-spreads.pdf,35,2,/home/souhail/Desktop/financial-rag/data/processed/tables/ESG-spreads_p35_t2.csv,1,2
ESG-spreads.pdf,35,3,/home/souhail/Desktop/financial-rag/data/processed/tables/ESG-spreads_p35_t3.csv,3,1
ESG-spreads.pdf,36,0,/home/souhail/Desktop/financial-rag/data/processed/tables/ESG-spreads_p36_t0.csv,0,7
ESG-spreads.pdf,36,1,/home/souhail/Desktop/financial-rag/data/processed/tables/ESG-spreads_p36_t1.csv,2,1
ESG-spreads.pdf,36,2,/home/souhail/Desktop/financial-rag/data/processed/tables/ESG-spreads_p36_t2.csv,4,6
ESG-spreads.pdf,36,3,/home/souhail/Desktop/financial-rag/data/processed/tables/ESG-spreads_p36_t3.csv,2,1
ESG-spreads.pdf,36,4,/home/souhail/Desktop/financial-rag/data/processed/tables/ESG-spreads_p36_t4.csv,2,1
ESG-spreads.pdf,36,5,/home/souhail/Desktop/financial-rag/data/processed/tables/ESG-spreads_p36_t5.csv,0,3
ESG-spreads.pdf,37,0,/home/souhail/Desktop/financial-rag/data/processed/tables/ESG-spreads_p37_t0.csv,0,7
ESG-spreads.pdf,37,1,/home/souhail/Desktop/financial-rag/data/processed/tables/ESG-spreads_p37_t1.csv,3,1
ESG-spreads.pdf,37,2,/home/souhail/Desktop/financial-rag/data/processed/tables/ESG-spreads_p37_t2.csv,6,3
ESG-spreads.pdf,38,0,/home/souhail/Desktop/financial-rag/data/processed/tables/ESG-spreads_p38_t0.csv,0,7
ESG-spreads.pdf,38,1,/home/souhail/Desktop/financial-rag/data/processed/tables/ESG-spreads_p38_t1.csv,2,1
ESG-spreads.pdf,38,2,/home/souhail/Desktop/financial-rag/data/processed/tables/ESG-spreads_p38_t2.csv,2,1
ESG-spreads.pdf,38,3,/home/souhail/Desktop/financial-rag/data/processed/tables/ESG-spreads_p38_t3.csv,4,1
ESG-spreads.pdf,38,4,/home/souhail/Desktop/financial-rag/data/processed/tables/ESG-spreads_p38_t4.csv,2,1
ESG-spreads.pdf,39,0,/home/souhail/Desktop/financial-rag/data/processed/tables/ESG-spreads_p39_t0.csv,0,7
ESG-spreads.pdf,39,1,/home/souhail/Desktop/financial-rag/data/processed/tables/ESG-spreads_p39_t1.csv,7,5
ESG-spreads.pdf,40,0,/home/souhail/Desktop/financial-rag/data/processed/tables/ESG-spreads_p40_t0.csv,0,7
ESG-spreads.pdf,40,1,/home/souhail/Desktop/financial-rag/data/processed/tables/ESG-spreads_p40_t1.csv,1,4
ESG-spreads.pdf,40,2,/home/souhail/Desktop/financial-rag/data/processed/tables/ESG-spreads_p40_t2.csv,4,4
ESG-spreads.pdf,40,3,/home/souhail/Desktop/financial-rag/data/processed/tables/ESG-spreads_p40_t3.csv,7,1
ESG-spreads.pdf,40,4,/home/souhail/Desktop/financial-rag/data/processed/tables/ESG-spreads_p40_t4.csv,6,1
ESG-spreads.pdf,40,5,/home/souhail/Desktop/financial-rag/data/processed/tables/ESG-spreads_p40_t5.csv,6,1
ESG-spreads.pdf,40,6,/home/souhail/Desktop/financial-rag/data/processed/tables/ESG-spreads_p40_t6.csv,0,4
ESG-spreads.pdf,41,0,/home/souhail/Desktop/financial-rag/data/processed/tables/ESG-spreads_p41_t0.csv,0,7
ESG-spreads.pdf,41,1,/home/souhail/Desktop/financial-rag/data/processed/tables/ESG-spreads_p41_t1.csv,2,1
ESG-spreads.pdf,41,2,/home/souhail/Desktop/financial-rag/data/processed/tables/ESG-spreads_p41_t2.csv,5,1
ESG-spreads.pdf,41,3,/home/souhail/Desktop/financial-rag/data/processed/tables/ESG-spreads_p41_t3.csv,1,2
ESG-spreads.pdf,41,4,/home/souhail/Desktop/financial-rag/data/processed/tables/ESG-spreads_p41_t4.csv,2,1
ESG-spreads.pdf,42,0,/home/souhail/Desktop/financial-rag/data/processed/tables/ESG-spreads_p42_t0.csv,0,7
ESG-spreads.pdf,42,1,/home/souhail/Desktop/financial-rag/data/processed/tables/ESG-spreads_p42_t1.csv,2,1
ESG-spreads.pdf,42,2,/home/souhail/Desktop/financial-rag/data/processed/tables/ESG-spreads_p42_t2.csv,2,1
ESG-spreads.pdf,43,0,/home/souhail/Desktop/financial-rag/data/processed/tables/ESG-spreads_p43_t0.csv,0,7
ESG-spreads.pdf,43,1,/home/souhail/Desktop/financial-rag/data/processed/tables/ESG-spreads_p43_t1.csv,2,1
ESG-spreads.pdf,43,2,/home/souhail/Desktop/financial-rag/data/processed/tables/ESG-spreads_p43_t2.csv,5,1
ESG-spreads.pdf,43,3,/home/souhail/Desktop/financial-rag/data/processed/tables/ESG-spreads_p43_t3.csv,2,1
ESG-spreads.pdf,44,0,/home/souhail/Desktop/financial-rag/data/processed/tables/ESG-spreads_p44_t0.csv,0,7
ESG-spreads.pdf,44,1,/home/souhail/Desktop/financial-rag/data/processed/tables/ESG-spreads_p44_t1.csv,1,2
ESG-spreads.pdf,44,2,/home/souhail/Desktop/financial-rag/data/processed/tables/ESG-spreads_p44_t2.csv,1,2
ESG-spreads.pdf,45,0,/home/souhail/Desktop/financial-rag/data/processed/tables/ESG-spreads_p45_t0.csv,0,7
ESG-spreads.pdf,45,1,/home/souhail/Desktop/financial-rag/data/processed/tables/ESG-spreads_p45_t1.csv,2,1
ESG-spreads.pdf,45,2,/home/souhail/Desktop/financial-rag/data/processed/tables/ESG-spreads_p45_t2.csv,1,2
ESG-spreads.pdf,46,0,/home/souhail/Desktop/financial-rag/data/processed/tables/ESG-spreads_p46_t0.csv,0,7
ESG-spreads.pdf,46,1,/home/souhail/Desktop/financial-rag/data/processed/tables/ESG-spreads_p46_t1.csv,4,1
ESG-spreads.pdf,46,2,/home/souhail/Desktop/financial-rag/data/processed/tables/ESG-spreads_p46_t2.csv,0,2
ESG-spreads.pdf,46,3,/home/souhail/Desktop/financial-rag/data/processed/tables/ESG-spreads_p46_t3.csv,2,1
ESG-spreads.pdf,47,0,/home/souhail/Desktop/financial-rag/data/processed/tables/ESG-spreads_p47_t0.csv,0,7
ESG-spreads.pdf,47,1,/home/souhail/Desktop/financial-rag/data/processed/tables/ESG-spreads_p47_t1.csv,11,6
ESG-spreads.pdf,47,2,/home/souhail/Desktop/financial-rag/data/processed/tables/ESG-spreads_p47_t2.csv,11,6
ESG-spreads.pdf,48,0,/home/souhail/Desktop/financial-rag/data/processed/tables/ESG-spreads_p48_t0.csv,0,7
ESG-spreads.pdf,48,1,/home/souhail/Desktop/financial-rag/data/processed/tables/ESG-spreads_p48_t1.csv,1,2
ESG-spreads.pdf,48,2,/home/souhail/Desktop/financial-rag/data/processed/tables/ESG-spreads_p48_t2.csv,1,2
ESG-spreads.pdf,48,3,/home/souhail/Desktop/financial-rag/data/processed/tables/ESG-spreads_p48_t3.csv,2,1
ESG-spreads.pdf,49,0,/home/souhail/Desktop/financial-rag/data/processed/tables/ESG-spreads_p49_t0.csv,0,7
ESG-spreads.pdf,49,1,/home/souhail/Desktop/financial-rag/data/processed/tables/ESG-spreads_p49_t1.csv,3,2
ESG-spreads.pdf,49,2,/home/souhail/Desktop/financial-rag/data/processed/tables/ESG-spreads_p49_t2.csv,1,2
ESG-spreads.pdf,50,0,/home/souhail/Desktop/financial-rag/data/processed/tables/ESG-spreads_p50_t0.csv,0,7
ESG-spreads.pdf,51,0,/home/souhail/Desktop/financial-rag/data/processed/tables/ESG-spreads_p51_t0.csv,0,6
ESG-spreads.pdf,51,1,/home/souhail/Desktop/financial-rag/data/processed/tables/ESG-spreads_p51_t1.csv,1,2
ESG-spreads.pdf,51,2,/home/souhail/Desktop/financial-rag/data/processed/tables/ESG-spreads_p51_t2.csv,0,2
ESG-spreads.pdf,51,3,/home/souhail/Desktop/financial-rag/data/processed/tables/ESG-spreads_p51_t3.csv,5,4
ESG-spreads.pdf,51,4,/home/souhail/Desktop/financial-rag/data/processed/tables/ESG-spreads_p51_t4.csv,2,1
ESG-spreads.pdf,52,0,/home/souhail/Desktop/financial-rag/data/processed/tables/ESG-spreads_p52_t0.csv,0,7
ESG-spreads.pdf,52,1,/home/souhail/Desktop/financial-rag/data/processed/tables/ESG-spreads_p52_t1.csv,6,2
ESG-spreads.pdf,52,2,/home/souhail/Desktop/financial-rag/data/processed/tables/ESG-spreads_p52_t2.csv,2,1
ESG-spreads.pdf,53,0,/home/souhail/Desktop/financial-rag/data/processed/tables/ESG-spreads_p53_t0.csv,0,7
ESG-spreads.pdf,53,1,/home/souhail/Desktop/financial-rag/data/processed/tables/ESG-spreads_p53_t1.csv,3,5
ESG-spreads.pdf,53,2,/home/souhail/Desktop/financial-rag/data/processed/tables/ESG-spreads_p53_t2.csv,1,2
ESG-spreads.pdf,53,3,/home/souhail/Desktop/financial-rag/data/processed/tables/ESG-spreads_p53_t3.csv,2,5
ESG-spreads.pdf,53,4,/home/souhail/Desktop/financial-rag/data/processed/tables/ESG-spreads_p53_t4.csv,3,2
ESG-spreads.pdf,53,5,/home/souhail/Desktop/financial-rag/data/processed/tables/ESG-spreads_p53_t5.csv,2,1
ESG-spreads.pdf,53,6,/home/souhail/Desktop/financial-rag/data/processed/tables/ESG-spreads_p53_t6.csv,2,1
ESG-spreads.pdf,53,7,/home/souhail/Desktop/financial-rag/data/processed/tables/ESG-spreads_p53_t7.csv,2,1
ESG-spreads.pdf,53,8,/home/souhail/Desktop/financial-rag/data/processed/tables/ESG-spreads_p53_t8.csv,2,1
ESG-spreads.pdf,53,9,/home/souhail/Desktop/financial-rag/data/processed/tables/ESG-spreads_p53_t9.csv,2,1
ESG-spreads.pdf,53,10,/home/souhail/Desktop/financial-rag/data/processed/tables/ESG-spreads_p53_t10.csv,2,1
ESG-spreads.pdf,53,11,/home/souhail/Desktop/financial-rag/data/processed/tables/ESG-spreads_p53_t11.csv,2,1
ESG-spreads.pdf,53,12,/home/souhail/Desktop/financial-rag/data/processed/tables/ESG-spreads_p53_t12.csv,2,1
ESG-spreads.pdf,53,13,/home/souhail/Desktop/financial-rag/data/processed/tables/ESG-spreads_p53_t13.csv,2,1
ESG-spreads.pdf,53,14,/home/souhail/Desktop/financial-rag/data/processed/tables/ESG-spreads_p53_t14.csv,2,1
ESG-spreads.pdf,54,0,/home/souhail/Desktop/financial-rag/data/processed/tables/ESG-spreads_p54_t0.csv,0,7
ESG-spreads.pdf,54,1,/home/souhail/Desktop/financial-rag/data/processed/tables/ESG-spreads_p54_t1.csv,3,3
ESG-spreads.pdf,54,2,/home/souhail/Desktop/financial-rag/data/processed/tables/ESG-spreads_p54_t2.csv,2,1
ESG-spreads.pdf,54,3,/home/souhail/Desktop/financial-rag/data/processed/tables/ESG-spreads_p54_t3.csv,4,3
ESG-spreads.pdf,55,0,/home/souhail/Desktop/financial-rag/data/processed/tables/ESG-spreads_p55_t0.csv,0,7
ESG-spreads.pdf,55,1,/home/souhail/Desktop/financial-rag/data/processed/tables/ESG-spreads_p55_t1.csv,2,3
ESG-spreads.pdf,55,2,/home/souhail/Desktop/financial-rag/data/processed/tables/ESG-spreads_p55_t2.csv,1,3
ESG-spreads.pdf,55,3,/home/souhail/Desktop/financial-rag/data/processed/tables/ESG-spreads_p55_t3.csv,3,3
ESG-spreads.pdf,55,4,/home/souhail/Desktop/financial-rag/data/processed/tables/ESG-spreads_p55_t4.csv,2,5
ESG-spreads.pdf,55,5,/home/souhail/Desktop/financial-rag/data/processed/tables/ESG-spreads_p55_t5.csv,2,5
ESG-spreads.pdf,55,6,/home/souhail/Desktop/financial-rag/data/processed/tables/ESG-spreads_p55_t6.csv,2,5
ESG-spreads.pdf,55,7,/home/souhail/Desktop/financial-rag/data/processed/tables/ESG-spreads_p55_t7.csv,2,5
ESG-spreads.pdf,55,8,/home/souhail/Desktop/financial-rag/data/processed/tables/ESG-spreads_p55_t8.csv,4,5
ESG-spreads.pdf,55,9,/home/souhail/Desktop/financial-rag/data/processed/tables/ESG-spreads_p55_t9.csv,4,5
ESG-spreads.pdf,56,0,/home/souhail/Desktop/financial-rag/data/processed/tables/ESG-spreads_p56_t0.csv,0,7
ESG-spreads.pdf,56,1,/home/souhail/Desktop/financial-rag/data/processed/tables/ESG-spreads_p56_t1.csv,3,1
ESG-spreads.pdf,57,0,/home/souhail/Desktop/financial-rag/data/processed/tables/ESG-spreads_p57_t0.csv,0,7
ESG-spreads.pdf,57,1,/home/souhail/Desktop/financial-rag/data/processed/tables/ESG-spreads_p57_t1.csv,1,2
ESG-spreads.pdf,57,2,/home/souhail/Desktop/financial-rag/data/processed/tables/ESG-spreads_p57_t2.csv,4,2
ESG-spreads.pdf,57,3,/home/souhail/Desktop/financial-rag/data/processed/tables/ESG-spreads_p57_t3.csv,2,6
ESG-spreads.pdf,58,0,/home/souhail/Desktop/financial-rag/data/processed/tables/ESG-spreads_p58_t0.csv,0,7
ESG-spreads.pdf,58,1,/home/souhail/Desktop/financial-rag/data/processed/tables/ESG-spreads_p58_t1.csv,2,1
ESG-spreads.pdf,59,0,/home/souhail/Desktop/financial-rag/data/processed/tables/ESG-spreads_p59_t0.csv,0,7
ESG-spreads.pdf,59,1,/home/souhail/Desktop/financial-rag/data/processed/tables/ESG-spreads_p59_t1.csv,1,2
ESG-spreads.pdf,59,2,/home/souhail/Desktop/financial-rag/data/processed/tables/ESG-spreads_p59_t2.csv,2,1
ESG-spreads.pdf,59,3,/home/souhail/Desktop/financial-rag/data/processed/tables/ESG-spreads_p59_t3.csv,1,2
ESG-spreads.pdf,60,0,/home/souhail/Desktop/financial-rag/data/processed/tables/ESG-spreads_p60_t0.csv,0,7
ESG-spreads.pdf,60,1,/home/souhail/Desktop/financial-rag/data/processed/tables/ESG-spreads_p60_t1.csv,4,2
ESG-spreads.pdf,60,2,/home/souhail/Desktop/financial-rag/data/processed/tables/ESG-spreads_p60_t2.csv,2,1
ESG-spreads.pdf,60,3,/home/souhail/Desktop/financial-rag/data/processed/tables/ESG-spreads_p60_t3.csv,3,5
ESG-spreads.pdf,61,0,/home/souhail/Desktop/financial-rag/data/processed/tables/ESG-spreads_p61_t0.csv,0,7
ESG-spreads.pdf,61,1,/home/souhail/Desktop/financial-rag/data/processed/tables/ESG-spreads_p61_t1.csv,2,2
ESG-spreads.pdf,61,2,/home/souhail/Desktop/financial-rag/data/processed/tables/ESG-spreads_p61_t2.csv,4,2
ESG-spreads.pdf,61,3,/home/souhail/Desktop/financial-rag/data/processed/tables/ESG-spreads_p61_t3.csv,2,1
ESG-spreads.pdf,62,0,/home/souhail/Desktop/financial-rag/data/processed/tables/ESG-spreads_p62_t0.csv,0,7
ESG-spreads.pdf,62,1,/home/souhail/Desktop/financial-rag/data/processed/tables/ESG-spreads_p62_t1.csv,4,2
ESG-spreads.pdf,62,2,/home/souhail/Desktop/financial-rag/data/processed/tables/ESG-spreads_p62_t2.csv,2,1
ESG-spreads.pdf,62,3,/home/souhail/Desktop/financial-rag/data/processed/tables/ESG-spreads_p62_t3.csv,2,1
ESG-spreads.pdf,62,4,/home/souhail/Desktop/financial-rag/data/processed/tables/ESG-spreads_p62_t4.csv,2,1
ESG-spreads.pdf,63,0,/home/souhail/Desktop/financial-rag/data/processed/tables/ESG-spreads_p63_t0.csv,0,7
ESG-spreads.pdf,64,0,/home/souhail/Desktop/financial-rag/data/processed/tables/ESG-spreads_p64_t0.csv,0,7
ESG-spreads.pdf,64,1,/home/souhail/Desktop/financial-rag/data/processed/tables/ESG-spreads_p64_t1.csv,0,2
ESG-spreads.pdf,64,2,/home/souhail/Desktop/financial-rag/data/processed/tables/ESG-spreads_p64_t2.csv,6,3
ESG-spreads.pdf,64,3,/home/souhail/Desktop/financial-rag/data/processed/tables/ESG-spreads_p64_t3.csv,0,2
ESG-spreads.pdf,64,4,/home/souhail/Desktop/financial-rag/data/processed/tables/ESG-spreads_p64_t4.csv,14,3
ESG-spreads.pdf,65,0,/home/souhail/Desktop/financial-rag/data/processed/tables/ESG-spreads_p65_t0.csv,0,7
ESG-spreads.pdf,66,0,/home/souhail/Desktop/financial-rag/data/processed/tables/ESG-spreads_p66_t0.csv,0,7
ESG-spreads.pdf,66,1,/home/souhail/Desktop/financial-rag/data/processed/tables/ESG-spreads_p66_t1.csv,1,13
ESG-spreads.pdf,66,2,/home/souhail/Desktop/financial-rag/data/processed/tables/ESG-spreads_p66_t2.csv,8,13
ESG-spreads.pdf,66,3,/home/souhail/Desktop/financial-rag/data/processed/tables/ESG-spreads_p66_t3.csv,2,1
ESG-spreads.pdf,66,4,/home/souhail/Desktop/financial-rag/data/processed/tables/ESG-spreads_p66_t4.csv,10,13
ESG-spreads.pdf,66,5,/home/souhail/Desktop/financial-rag/data/processed/tables/ESG-spreads_p66_t5.csv,0,5
ESG-spreads.pdf,66,6,/home/souhail/Desktop/financial-rag/data/processed/tables/ESG-spreads_p66_t6.csv,8,13
ESG-spreads.pdf,67,0,/home/souhail/Desktop/financial-rag/data/processed/tables/ESG-spreads_p67_t0.csv,0,7
ESG-spreads.pdf,67,1,/home/souhail/Desktop/financial-rag/data/processed/tables/ESG-spreads_p67_t1.csv,2,1
ESG-spreads.pdf,67,2,/home/souhail/Desktop/financial-rag/data/processed/tables/ESG-spreads_p67_t2.csv,1,13
ESG-spreads.pdf,67,3,/home/souhail/Desktop/financial-rag/data/processed/tables/ESG-spreads_p67_t3.csv,10,13
ESG-spreads.pdf,67,4,/home/souhail/Desktop/financial-rag/data/processed/tables/ESG-spreads_p67_t4.csv,8,13
ESG-spreads.pdf,67,5,/home/souhail/Desktop/financial-rag/data/processed/tables/ESG-spreads_p67_t5.csv,10,13
ESG-spreads.pdf,67,6,/home/souhail/Desktop/financial-rag/data/processed/tables/ESG-spreads_p67_t6.csv,7,3
ESG-spreads.pdf,67,7,/home/souhail/Desktop/financial-rag/data/processed/tables/ESG-spreads_p67_t7.csv,7,3
ESG-spreads.pdf,68,0,/home/souhail/Desktop/financial-rag/data/processed/tables/ESG-spreads_p68_t0.csv,0,7
ESG-spreads.pdf,68,1,/home/souhail/Desktop/financial-rag/data/processed/tables/ESG-spreads_p68_t1.csv,12,1
ESG-spreads.pdf,68,2,/home/souhail/Desktop/financial-rag/data/processed/tables/ESG-spreads_p68_t2.csv,16,5
ESG-spreads.pdf,68,3,/home/souhail/Desktop/financial-rag/data/processed/tables/ESG-spreads_p68_t3.csv,16,5
ESG-spreads.pdf,68,4,/home/souhail/Desktop/financial-rag/data/processed/tables/ESG-spreads_p68_t4.csv,2,1
ESG-spreads.pdf,68,5,/home/souhail/Desktop/financial-rag/data/processed/tables/ESG-spreads_p68_t5.csv,1,2
ESG-spreads.pdf,68,6,/home/souhail/Desktop/financial-rag/data/processed/tables/ESG-spreads_p68_t6.csv,11,2
ESG-spreads.pdf,68,7,/home/souhail/Desktop/financial-rag/data/processed/tables/ESG-spreads_p68_t7.csv,2,1
ESG-spreads.pdf,68,8,/home/souhail/Desktop/financial-rag/data/processed/tables/ESG-spreads_p68_t8.csv,14,1
ESG-spreads.pdf,69,0,/home/souhail/Desktop/financial-rag/data/processed/tables/ESG-spreads_p69_t0.csv,0,7
ESG-spreads.pdf,69,1,/home/souhail/Desktop/financial-rag/data/processed/tables/ESG-spreads_p69_t1.csv,16,5
ESG-spreads.pdf,69,2,/home/souhail/Desktop/financial-rag/data/processed/tables/ESG-spreads_p69_t2.csv,37,1
ESG-spreads.pdf,69,3,/home/souhail/Desktop/financial-rag/data/processed/tables/ESG-spreads_p69_t3.csv,0,5
ESG-spreads.pdf,69,4,/home/souhail/Desktop/financial-rag/data/processed/tables/ESG-spreads_p69_t4.csv,6,5
ESG-spreads.pdf,69,5,/home/souhail/Desktop/financial-rag/data/processed/tables/ESG-spreads_p69_t5.csv,3,3
ESG-spreads.pdf,70,0,/home/souhail/Desktop/financial-rag/data/processed/tables/ESG-spreads_p70_t0.csv,0,7
ESG-spreads.pdf,70,1,/home/souhail/Desktop/financial-rag/data/processed/tables/ESG-spreads_p70_t1.csv,32,2
ESG-spreads.pdf,70,2,/home/souhail/Desktop/financial-rag/data/processed/tables/ESG-spreads_p70_t2.csv,36,1
ESG-spreads.pdf,71,0,/home/souhail/Desktop/financial-rag/data/processed/tables/ESG-spreads_p71_t0.csv,0,7
ESG-spreads.pdf,71,1,/home/souhail/Desktop/financial-rag/data/processed/tables/ESG-spreads_p71_t1.csv,0,2
ESG-spreads.pdf,71,2,/home/souhail/Desktop/financial-rag/data/processed/tables/ESG-spreads_p71_t2.csv,43,5
ESG-spreads.pdf,71,3,/home/souhail/Desktop/financial-rag/data/processed/tables/ESG-spreads_p71_t3.csv,0,2
ESG-spreads.pdf,71,4,/home/souhail/Desktop/financial-rag/data/processed/tables/ESG-spreads_p71_t4.csv,39,6
ESG-spreads.pdf,72,0,/home/souhail/Desktop/financial-rag/data/processed/tables/ESG-spreads_p72_t0.csv,0,7
ESG-spreads.pdf,72,1,/home/souhail/Desktop/financial-rag/data/processed/tables/ESG-spreads_p72_t1.csv,0,2
ESG-spreads.pdf,72,2,/home/souhail/Desktop/financial-rag/data/processed/tables/ESG-spreads_p72_t2.csv,44,5
ESG-spreads.pdf,72,3,/home/souhail/Desktop/financial-rag/data/processed/tables/ESG-spreads_p72_t3.csv,28,6
ESG-spreads.pdf,73,0,/home/souhail/Desktop/financial-rag/data/processed/tables/ESG-spreads_p73_t0.csv,0,7
ESG-spreads.pdf,73,1,/home/souhail/Desktop/financial-rag/data/processed/tables/ESG-spreads_p73_t1.csv,0,2
ESG-spreads.pdf,73,2,/home/souhail/Desktop/financial-rag/data/processed/tables/ESG-spreads_p73_t2.csv,50,5
ESG-spreads.pdf,73,3,/home/souhail/Desktop/financial-rag/data/processed/tables/ESG-spreads_p73_t3.csv,0,2
ESG-spreads.pdf,73,4,/home/souhail/Desktop/financial-rag/data/processed/tables/ESG-spreads_p73_t4.csv,51,6
ESG-spreads.pdf,74,0,/home/souhail/Desktop/financial-rag/data/processed/tables/ESG-spreads_p74_t0.csv,0,7
ESG-spreads.pdf,74,1,/home/souhail/Desktop/financial-rag/data/processed/tables/ESG-spreads_p74_t1.csv,0,2
ESG-spreads.pdf,74,2,/home/souhail/Desktop/financial-rag/data/processed/tables/ESG-spreads_p74_t2.csv,17,5
ESG-spreads.pdf,74,3,/home/souhail/Desktop/financial-rag/data/processed/tables/ESG-spreads_p74_t3.csv,12,5
ESG-spreads.pdf,74,4,/home/souhail/Desktop/financial-rag/data/processed/tables/ESG-spreads_p74_t4.csv,23,5
ESG-spreads.pdf,74,5,/home/souhail/Desktop/financial-rag/data/processed/tables/ESG-spreads_p74_t5.csv,6,3
ESG-spreads.pdf,74,6,/home/souhail/Desktop/financial-rag/data/processed/tables/ESG-spreads_p74_t6.csv,3,3
ESG-spreads.pdf,74,7,/home/souhail/Desktop/financial-rag/data/processed/tables/ESG-spreads_p74_t7.csv,7,3
ESG-spreads.pdf,75,0,/home/souhail/Desktop/financial-rag/data/processed/tables/ESG-spreads_p75_t0.csv,0,7
SASOL Sustainability Report 2023 20-09_0.pdf,0,0,/home/souhail/Desktop/financial-rag/data/processed/tables/SASOL Sustainability Report 2023 20-09_0_p0_t0.csv,1,2
SASOL Sustainability Report 2023 20-09_0.pdf,1,0,/home/souhail/Desktop/financial-rag/data/processed/tables/SASOL Sustainability Report 2023 20-09_0_p1_t0.csv,2,1
SASOL Sustainability Report 2023 20-09_0.pdf,1,1,/home/souhail/Desktop/financial-rag/data/processed/tables/SASOL Sustainability Report 2023 20-09_0_p1_t1.csv,0,2
SASOL Sustainability Report 2023 20-09_0.pdf,1,2,/home/souhail/Desktop/financial-rag/data/processed/tables/SASOL Sustainability Report 2023 20-09_0_p1_t2.csv,2,3
SASOL Sustainability Report 2023 20-09_0.pdf,1,3,/home/souhail/Desktop/financial-rag/data/processed/tables/SASOL Sustainability Report 2023 20-09_0_p1_t3.csv,2,4
SASOL Sustainability Report 2023 20-09_0.pdf,1,4,/home/souhail/Desktop/financial-rag/data/processed/tables/SASOL Sustainability Report 2023 20-09_0_p1_t4.csv,2,4
SASOL Sustainability Report 2023 20-09_0.pdf,1,5,/home/souhail/Desktop/financial-rag/data/processed/tables/SASOL Sustainability Report 2023 20-09_0_p1_t5.csv,2,4
SASOL Sustainability Report 2023 20-09_0.pdf,1,6,/home/souhail/Desktop/financial-rag/data/processed/tables/SASOL Sustainability Report 2023 20-09_0_p1_t6.csv,0,2
SASOL Sustainability Report 2023 20-09_0.pdf,2,0,/home/souhail/Desktop/financial-rag/data/processed/tables/SASOL Sustainability Report 2023 20-09_0_p2_t0.csv,2,1
SASOL Sustainability Report 2023 20-09_0.pdf,2,1,/home/souhail/Desktop/financial-rag/data/processed/tables/SASOL Sustainability Report 2023 20-09_0_p2_t1.csv,2,1
SASOL Sustainability Report 2023 20-09_0.pdf,2,2,/home/souhail/Desktop/financial-rag/data/processed/tables/SASOL Sustainability Report 2023 20-09_0_p2_t2.csv,2,1
SASOL Sustainability Report 2023 20-09_0.pdf,2,3,/home/souhail/Desktop/financial-rag/data/processed/tables/SASOL Sustainability Report 2023 20-09_0_p2_t3.csv,2,1
SASOL Sustainability Report 2023 20-09_0.pdf,2,4,/home/souhail/Desktop/financial-rag/data/processed/tables/SASOL Sustainability Report 2023 20-09_0_p2_t4.csv,2,1
SASOL Sustainability Report 2023 20-09_0.pdf,3,0,/home/souhail/Desktop/financial-rag/data/processed/tables/SASOL Sustainability Report 2023 20-09_0_p3_t0.csv,5,3
SASOL Sustainability Report 2023 20-09_0.pdf,4,0,/home/souhail/Desktop/financial-rag/data/processed/tables/SASOL Sustainability Report 2023 20-09_0_p4_t0.csv,2,1
SASOL Sustainability Report 2023 20-09_0.pdf,4,1,/home/souhail/Desktop/financial-rag/data/processed/tables/SASOL Sustainability Report 2023 20-09_0_p4_t1.csv,4,8
SASOL Sustainability Report 2023 20-09_0.pdf,4,2,/home/souhail/Desktop/financial-rag/data/processed/tables/SASOL Sustainability Report 2023 20-09_0_p4_t2.csv,2,1
SASOL Sustainability Report 2023 20-09_0.pdf,4,3,/home/souhail/Desktop/financial-rag/data/processed/tables/SASOL Sustainability Report 2023 20-09_0_p4_t3.csv,2,1
SASOL Sustainability Report 2023 20-09_0.pdf,4,4,/home/souhail/Desktop/financial-rag/data/processed/tables/SASOL Sustainability Report 2023 20-09_0_p4_t4.csv,2,1
SASOL Sustainability Report 2023 20-09_0.pdf,4,5,/home/souhail/Desktop/financial-rag/data/processed/tables/SASOL Sustainability Report 2023 20-09_0_p4_t5.csv,2,1
SASOL Sustainability Report 2023 20-09_0.pdf,5,0,/home/souhail/Desktop/financial-rag/data/processed/tables/SASOL Sustainability Report 2023 20-09_0_p5_t0.csv,3,1
SASOL Sustainability Report 2023 20-09_0.pdf,6,0,/home/souhail/Desktop/financial-rag/data/processed/tables/SASOL Sustainability Report 2023 20-09_0_p6_t0.csv,2,1
SASOL Sustainability Report 2023 20-09_0.pdf,7,0,/home/souhail/Desktop/financial-rag/data/processed/tables/SASOL Sustainability Report 2023 20-09_0_p7_t0.csv,2,1
SASOL Sustainability Report 2023 20-09_0.pdf,7,1,/home/souhail/Desktop/financial-rag/data/processed/tables/SASOL Sustainability Report 2023 20-09_0_p7_t1.csv,2,2
SASOL Sustainability Report 2023 20-09_0.pdf,8,0,/home/souhail/Desktop/financial-rag/data/processed/tables/SASOL Sustainability Report 2023 20-09_0_p8_t0.csv,2,1
SASOL Sustainability Report 2023 20-09_0.pdf,8,1,/home/souhail/Desktop/financial-rag/data/processed/tables/SASOL Sustainability Report 2023 20-09_0_p8_t1.csv,2,2
SASOL Sustainability Report 2023 20-09_0.pdf,9,0,/home/souhail/Desktop/financial-rag/data/processed/tables/SASOL Sustainability Report 2023 20-09_0_p9_t0.csv,2,1
SASOL Sustainability Report 2023 20-09_0.pdf,10,0,/home/souhail/Desktop/financial-rag/data/processed/tables/SASOL Sustainability Report 2023 20-09_0_p10_t0.csv,2,1
SASOL Sustainability Report 2023 20-09_0.pdf,10,1,/home/souhail/Desktop/financial-rag/data/processed/tables/SASOL Sustainability Report 2023 20-09_0_p10_t1.csv,5,10
SASOL Sustainability Report 2023 20-09_0.pdf,10,2,/home/souhail/Desktop/financial-rag/data/processed/tables/SASOL Sustainability Report 2023 20-09_0_p10_t2.csv,2,1
SASOL Sustainability Report 2023 20-09_0.pdf,11,0,/home/souhail/Desktop/financial-rag/data/processed/tables/SASOL Sustainability Report 2023 20-09_0_p11_t0.csv,2,1
SASOL Sustainability Report 2023 20-09_0.pdf,11,1,/home/souhail/Desktop/financial-rag/data/processed/tables/SASOL Sustainability Report 2023 20-09_0_p11_t1.csv,1,2
SASOL Sustainability Report 2023 20-09_0.pdf,11,2,/home/souhail/Desktop/financial-rag/data/processed/tables/SASOL Sustainability Report 2023 20-09_0_p11_t2.csv,1,2
SASOL Sustainability Report 2023 20-09_0.pdf,11,3,/home/souhail/Desktop/financial-rag/data/processed/tables/SASOL Sustainability Report 2023 20-09_0_p11_t3.csv,1,2
SASOL Sustainability Report 2023 20-09_0.pdf,11,4,/home/souhail/Desktop/financial-rag/data/processed/tables/SASOL Sustainability Report 2023 20-09_0_p11_t4.csv,0,2
SASOL Sustainability Report 2023 20-09_0.pdf,11,5,/home/souhail/Desktop/financial-rag/data/processed/tables/SASOL Sustainability Report 2023 20-09_0_p11_t5.csv,0,2
SASOL Sustainability Report 2023 20-09_0.pdf,11,6,/home/souhail/Desktop/financial-rag/data/processed/tables/SASOL Sustainability Report 2023 20-09_0_p11_t6.csv,0,2
SASOL Sustainability Report 2023 20-09_0.pdf,11,7,/home/souhail/Desktop/financial-rag/data/processed/tables/SASOL Sustainability Report 2023 20-09_0_p11_t7.csv,0,2
SASOL Sustainability Report 2023 20-09_0.pdf,12,0,/home/souhail/Desktop/financial-rag/data/processed/tables/SASOL Sustainability Report 2023 20-09_0_p12_t0.csv,2,1
SASOL Sustainability Report 2023 20-09_0.pdf,12,1,/home/souhail/Desktop/financial-rag/data/processed/tables/SASOL Sustainability Report 2023 20-09_0_p12_t1.csv,6,4
SASOL Sustainability Report 2023 20-09_0.pdf,13,0,/home/souhail/Desktop/financial-rag/data/processed/tables/SASOL Sustainability Report 2023 20-09_0_p13_t0.csv,2,1
SASOL Sustainability Report 2023 20-09_0.pdf,13,1,/home/souhail/Desktop/financial-rag/data/processed/tables/SASOL Sustainability Report 2023 20-09_0_p13_t1.csv,6,5
SASOL Sustainability Report 2023 20-09_0.pdf,13,2,/home/souhail/Desktop/financial-rag/data/processed/tables/SASOL Sustainability Report 2023 20-09_0_p13_t2.csv,5,2
SASOL Sustainability Report 2023 20-09_0.pdf,14,0,/home/souhail/Desktop/financial-rag/data/processed/tables/SASOL Sustainability Report 2023 20-09_0_p14_t0.csv,2,1
SASOL Sustainability Report 2023 20-09_0.pdf,14,1,/home/souhail/Desktop/financial-rag/data/processed/tables/SASOL Sustainability Report 2023 20-09_0_p14_t1.csv,0,3
SASOL Sustainability Report 2023 20-09_0.pdf,14,2,/home/souhail/Desktop/financial-rag/data/processed/tables/SASOL Sustainability Report 2023 20-09_0_p14_t2.csv,5,6
SASOL Sustainability Report 2023 20-09_0.pdf,15,0,/home/souhail/Desktop/financial-rag/data/processed/tables/SASOL Sustainability Report 2023 20-09_0_p15_t0.csv,2,1
SASOL Sustainability Report 2023 20-09_0.pdf,15,1,/home/souhail/Desktop/financial-rag/data/processed/tables/SASOL Sustainability Report 2023 20-09_0_p15_t1.csv,4,6
SASOL Sustainability Report 2023 20-09_0.pdf,16,0,/home/souhail/Desktop/financial-rag/data/processed/tables/SASOL Sustainability Report 2023 20-09_0_p16_t0.csv,2,1
SASOL Sustainability Report 2023 20-09_0.pdf,16,1,/home/souhail/Desktop/financial-rag/data/processed/tables/SASOL Sustainability Report 2023 20-09_0_p16_t1.csv,2,1
SASOL Sustainability Report 2023 20-09_0.pdf,17,0,/home/souhail/Desktop/financial-rag/data/processed/tables/SASOL Sustainability Report 2023 20-09_0_p17_t0.csv,2,1
SASOL Sustainability Report 2023 20-09_0.pdf,17,1,/home/souhail/Desktop/financial-rag/data/processed/tables/SASOL Sustainability Report 2023 20-09_0_p17_t1.csv,10,12
SASOL Sustainability Report 2023 20-09_0.pdf,18,0,/home/souhail/Desktop/financial-rag/data/processed/tables/SASOL Sustainability Report 2023 20-09_0_p18_t0.csv,2,1
SASOL Sustainability Report 2023 20-09_0.pdf,18,1,/home/souhail/Desktop/financial-rag/data/processed/tables/SASOL Sustainability Report 2023 20-09_0_p18_t1.csv,2,1
SASOL Sustainability Report 2023 20-09_0.pdf,18,2,/home/souhail/Desktop/financial-rag/data/processed/tables/SASOL Sustainability Report 2023 20-09_0_p18_t2.csv,2,1
SASOL Sustainability Report 2023 20-09_0.pdf,19,0,/home/souhail/Desktop/financial-rag/data/processed/tables/SASOL Sustainability Report 2023 20-09_0_p19_t0.csv,2,1
SASOL Sustainability Report 2023 20-09_0.pdf,19,1,/home/souhail/Desktop/financial-rag/data/processed/tables/SASOL Sustainability Report 2023 20-09_0_p19_t1.csv,4,6
SASOL Sustainability Report 2023 20-09_0.pdf,20,0,/home/souhail/Desktop/financial-rag/data/processed/tables/SASOL Sustainability Report 2023 20-09_0_p20_t0.csv,2,1
SASOL Sustainability Report 2023 20-09_0.pdf,20,1,/home/souhail/Desktop/financial-rag/data/processed/tables/SASOL Sustainability Report 2023 20-09_0_p20_t1.csv,3,1
SASOL Sustainability Report 2023 20-09_0.pdf,21,0,/home/souhail/Desktop/financial-rag/data/processed/tables/SASOL Sustainability Report 2023 20-09_0_p21_t0.csv,2,1
SASOL Sustainability Report 2023 20-09_0.pdf,21,1,/home/souhail/Desktop/financial-rag/data/processed/tables/SASOL Sustainability Report 2023 20-09_0_p21_t1.csv,7,5
SASOL Sustainability Report 2023 20-09_0.pdf,22,0,/home/souhail/Desktop/financial-rag/data/processed/tables/SASOL Sustainability Report 2023 20-09_0_p22_t0.csv,2,1
SASOL Sustainability Report 2023 20-09_0.pdf,22,1,/home/souhail/Desktop/financial-rag/data/processed/tables/SASOL Sustainability Report 2023 20-09_0_p22_t1.csv,2,1
SASOL Sustainability Report 2023 20-09_0.pdf,22,2,/home/souhail/Desktop/financial-rag/data/processed/tables/SASOL Sustainability Report 2023 20-09_0_p22_t2.csv,2,1
SASOL Sustainability Report 2023 20-09_0.pdf,22,3,/home/souhail/Desktop/financial-rag/data/processed/tables/SASOL Sustainability Report 2023 20-09_0_p22_t3.csv,2,1
SASOL Sustainability Report 2023 20-09_0.pdf,23,0,/home/souhail/Desktop/financial-rag/data/processed/tables/SASOL Sustainability Report 2023 20-09_0_p23_t0.csv,2,1
SASOL Sustainability Report 2023 20-09_0.pdf,23,1,/home/souhail/Desktop/financial-rag/data/processed/tables/SASOL Sustainability Report 2023 20-09_0_p23_t1.csv,0,3
SASOL Sustainability Report 2023 20-09_0.pdf,23,2,/home/souhail/Desktop/financial-rag/data/processed/tables/SASOL Sustainability Report 2023 20-09_0_p23_t2.csv,0,4
SASOL Sustainability Report 2023 20-09_0.pdf,23,3,/home/souhail/Desktop/financial-rag/data/processed/tables/SASOL Sustainability Report 2023 20-09_0_p23_t3.csv,5,3
SASOL Sustainability Report 2023 20-09_0.pdf,23,4,/home/souhail/Desktop/financial-rag/data/processed/tables/SASOL Sustainability Report 2023 20-09_0_p23_t4.csv,0,2
SASOL Sustainability Report 2023 20-09_0.pdf,24,0,/home/souhail/Desktop/financial-rag/data/processed/tables/SASOL Sustainability Report 2023 20-09_0_p24_t0.csv,2,1
SASOL Sustainability Report 2023 20-09_0.pdf,24,1,/home/souhail/Desktop/financial-rag/data/processed/tables/SASOL Sustainability Report 2023 20-09_0_p24_t1.csv,0,4
SASOL Sustainability Report 2023 20-09_0.pdf,24,2,/home/souhail/Desktop/financial-rag/data/processed/tables/SASOL Sustainability Report 2023 20-09_0_p24_t2.csv,5,3
SASOL Sustainability Report 2023 20-09_0.pdf,25,0,/home/souhail/Desktop/financial-rag/data/processed/tables/SASOL Sustainability Report 2023 20-09_0_p25_t0.csv,2,1
SASOL Sustainability Report 2023 20-09_0.pdf,25,1,/home/souhail/Desktop/financial-rag/data/processed/tables/SASOL Sustainability Report 2023 20-09_0_p25_t1.csv,3,2
SASOL Sustainability Report 2023 20-09_0.pdf,26,0,/home/souhail/Desktop/financial-rag/data/processed/tables/SASOL Sustainability Report 2023 20-09_0_p26_t0.csv,2,1
SASOL Sustainability Report 2023 20-09_0.pdf,26,1,/home/souhail/Desktop/financial-rag/data/processed/tables/SASOL Sustainability Report 2023 20-09_0_p26_t1.csv,5,3
SASOL Sustainability Report 2023 20-09_0.pdf,27,0,/home/souhail/Desktop/financial-rag/data/processed/tables/SASOL Sustainability Report 2023 20-09_0_p27_t0.csv,0,4
SASOL Sustainability Report 2023 20-09_0.pdf,27,1,/home/souhail/Desktop/financial-rag/data/processed/tables/SASOL Sustainability Report 2023 20-09_0_p27_t1.csv,4,2
SASOL Sustainability Report 2023 20-09_0.pdf,27,2,/home/souhail/Desktop/financial-rag/data/processed/tables/SASOL Sustainability Report 2023 20-09_0_p27_t2.csv,1,2
SASOL Sustainability Report 2023 20-09_0.pdf,28,0,/home/souhail/Desktop/financial-rag/data/processed/tables/SASOL Sustainability Report 2023 20-09_0_p28_t0.csv,2,1
SASOL Sustainability Report 2023 20-09_0.pdf,28,1,/home/souhail/Desktop/financial-rag/data/processed/tables/SASOL Sustainability Report 2023 20-09_0_p28_t1.csv,0,4
SASOL Sustainability Report 2023 20-09_0.pdf,28,2,/home/souhail/Desktop/financial-rag/data/processed/tables/SASOL Sustainability Report 2023 20-09_0_p28_t2.csv,5,1
SASOL Sustainability Report 2023 20-09_0.pdf,29,0,/home/souhail/Desktop/financial-rag/data/processed/tables/SASOL Sustainability Report 2023 20-09_0_p29_t0.csv,2,1
SASOL Sustainability Report 2023 20-09_0.pdf,29,1,/home/souhail/Desktop/financial-rag/data/processed/tables/SASOL Sustainability Report 2023 20-09_0_p29_t1.csv,0,4
SASOL Sustainability Report 2023 20-09_0.pdf,29,2,/home/souhail/Desktop/financial-rag/data/processed/tables/SASOL Sustainability Report 2023 20-09_0_p29_t2.csv,5,4
SASOL Sustainability Report 2023 20-09_0.pdf,30,0,/home/souhail/Desktop/financial-rag/data/processed/tables/SASOL Sustainability Report 2023 20-09_0_p30_t0.csv,2,1
SASOL Sustainability Report 2023 20-09_0.pdf,30,1,/home/souhail/Desktop/financial-rag/data/processed/tables/SASOL Sustainability Report 2023 20-09_0_p30_t1.csv,0,4
SASOL Sustainability Report 2023 20-09_0.pdf,30,2,/home/souhail/Desktop/financial-rag/data/processed/tables/SASOL Sustainability Report 2023 20-09_0_p30_t2.csv,5,1
SASOL Sustainability Report 2023 20-09_0.pdf,30,3,/home/souhail/Desktop/financial-rag/data/processed/tables/SASOL Sustainability Report 2023 20-09_0_p30_t3.csv,2,1
SASOL Sustainability Report 2023 20-09_0.pdf,31,0,/home/souhail/Desktop/financial-rag/data/processed/tables/SASOL Sustainability Report 2023 20-09_0_p31_t0.csv,2,1
SASOL Sustainability Report 2023 20-09_0.pdf,31,1,/home/souhail/Desktop/financial-rag/data/processed/tables/SASOL Sustainability Report 2023 20-09_0_p31_t1.csv,0,4
SASOL Sustainability Report 2023 20-09_0.pdf,31,2,/home/souhail/Desktop/financial-rag/data/processed/tables/SASOL Sustainability Report 2023 20-09_0_p31_t2.csv,5,1
SASOL Sustainability Report 2023 20-09_0.pdf,32,0,/home/souhail/Desktop/financial-rag/data/processed/tables/SASOL Sustainability Report 2023 20-09_0_p32_t0.csv,2,1
SASOL Sustainability Report 2023 20-09_0.pdf,32,1,/home/souhail/Desktop/financial-rag/data/processed/tables/SASOL Sustainability Report 2023 20-09_0_p32_t1.csv,0,4
SASOL Sustainability Report 2023 20-09_0.pdf,32,2,/home/souhail/Desktop/financial-rag/data/processed/tables/SASOL Sustainability Report 2023 20-09_0_p32_t2.csv,5,1
SASOL Sustainability Report 2023 20-09_0.pdf,33,0,/home/souhail/Desktop/financial-rag/data/processed/tables/SASOL Sustainability Report 2023 20-09_0_p33_t0.csv,2,1
SASOL Sustainability Report 2023 20-09_0.pdf,33,1,/home/souhail/Desktop/financial-rag/data/processed/tables/SASOL Sustainability Report 2023 20-09_0_p33_t1.csv,0,3
SASOL Sustainability Report 2023 20-09_0.pdf,34,0,/home/souhail/Desktop/financial-rag/data/processed/tables/SASOL Sustainability Report 2023 20-09_0_p34_t0.csv,2,1
SASOL Sustainability Report 2023 20-09_0.pdf,34,1,/home/souhail/Desktop/financial-rag/data/processed/tables/SASOL Sustainability Report 2023 20-09_0_p34_t1.csv,0,3
SASOL Sustainability Report 2023 20-09_0.pdf,34,2,/home/souhail/Desktop/financial-rag/data/processed/tables/SASOL Sustainability Report 2023 20-09_0_p34_t2.csv,4,6
SASOL Sustainability Report 2023 20-09_0.pdf,35,0,/home/souhail/Desktop/financial-rag/data/processed/tables/SASOL Sustainability Report 2023 20-09_0_p35_t0.csv,2,1
SASOL Sustainability Report 2023 20-09_0.pdf,35,1,/home/souhail/Desktop/financial-rag/data/processed/tables/SASOL Sustainability Report 2023 20-09_0_p35_t1.csv,0,3
SASOL Sustainability Report 2023 20-09_0.pdf,35,2,/home/souhail/Desktop/financial-rag/data/processed/tables/SASOL Sustainability Report 2023 20-09_0_p35_t2.csv,4,6
SASOL Sustainability Report 2023 20-09_0.pdf,36,0,/home/souhail/Desktop/financial-rag/data/processed/tables/SASOL Sustainability Report 2023 20-09_0_p36_t0.csv,2,1
SASOL Sustainability Report 2023 20-09_0.pdf,36,1,/home/souhail/Desktop/financial-rag/data/processed/tables/SASOL Sustainability Report 2023 20-09_0_p36_t1.csv,2,1
SASOL Sustainability Report 2023 20-09_0.pdf,36,2,/home/souhail/Desktop/financial-rag/data/processed/tables/SASOL Sustainability Report 2023 20-09_0_p36_t2.csv,2,1
SASOL Sustainability Report 2023 20-09_0.pdf,37,0,/home/souhail/Desktop/financial-rag/data/processed/tables/SASOL Sustainability Report 2023 20-09_0_p37_t0.csv,2,1
SASOL Sustainability Report 2023 20-09_0.pdf,37,1,/home/souhail/Desktop/financial-rag/data/processed/tables/SASOL Sustainability Report 2023 20-09_0_p37_t1.csv,0,4
SASOL Sustainability Report 2023 20-09_0.pdf,37,2,/home/souhail/Desktop/financial-rag/data/processed/tables/SASOL Sustainability Report 2023 20-09_0_p37_t2.csv,6,4
SASOL Sustainability Report 2023 20-09_0.pdf,37,3,/home/souhail/Desktop/financial-rag/data/processed/tables/SASOL Sustainability Report 2023 20-09_0_p37_t3.csv,3,3
SASOL Sustainability Report 2023 20-09_0.pdf,37,4,/home/souhail/Desktop/financial-rag/data/processed/tables/SASOL Sustainability Report 2023 20-09_0_p37_t4.csv,2,1
SASOL Sustainability Report 2023 20-09_0.pdf,37,5,/home/souhail/Desktop/financial-rag/data/processed/tables/SASOL Sustainability Report 2023 20-09_0_p37_t5.csv,2,1
SASOL Sustainability Report 2023 20-09_0.pdf,37,6,/home/souhail/Desktop/financial-rag/data/processed/tables/SASOL Sustainability Report 2023 20-09_0_p37_t6.csv,2,1
SASOL Sustainability Report 2023 20-09_0.pdf,37,7,/home/souhail/Desktop/financial-rag/data/processed/tables/SASOL Sustainability Report 2023 20-09_0_p37_t7.csv,2,1
SASOL Sustainability Report 2023 20-09_0.pdf,37,8,/home/souhail/Desktop/financial-rag/data/processed/tables/SASOL Sustainability Report 2023 20-09_0_p37_t8.csv,1,2
SASOL Sustainability Report 2023 20-09_0.pdf,38,0,/home/souhail/Desktop/financial-rag/data/processed/tables/SASOL Sustainability Report 2023 20-09_0_p38_t0.csv,2,1
SASOL Sustainability Report 2023 20-09_0.pdf,38,1,/home/souhail/Desktop/financial-rag/data/processed/tables/SASOL Sustainability Report 2023 20-09_0_p38_t1.csv,3,1
SASOL Sustainability Report 2023 20-09_0.pdf,39,0,/home/souhail/Desktop/financial-rag/data/processed/tables/SASOL Sustainability Report 2023 20-09_0_p39_t0.csv,2,1
SASOL Sustainability Report 2023 20-09_0.pdf,40,0,/home/souhail/Desktop/financial-rag/data/processed/tables/SASOL Sustainability Report 2023 20-09_0_p40_t0.csv,2,1
SASOL Sustainability Report 2023 20-09_0.pdf,40,1,/home/souhail/Desktop/financial-rag/data/processed/tables/SASOL Sustainability Report 2023 20-09_0_p40_t1.csv,0,4
SASOL Sustainability Report 2023 20-09_0.pdf,40,2,/home/souhail/Desktop/financial-rag/data/processed/tables/SASOL Sustainability Report 2023 20-09_0_p40_t2.csv,4,6
SASOL Sustainability Report 2023 20-09_0.pdf,40,3,/home/souhail/Desktop/financial-rag/data/processed/tables/SASOL Sustainability Report 2023 20-09_0_p40_t3.csv,5,1
SASOL Sustainability Report 2023 20-09_0.pdf,41,0,/home/souhail/Desktop/financial-rag/data/processed/tables/SASOL Sustainability Report 2023 20-09_0_p41_t0.csv,2,1
SASOL Sustainability Report 2023 20-09_0.pdf,41,1,/home/souhail/Desktop/financial-rag/data/processed/tables/SASOL Sustainability Report 2023 20-09_0_p41_t1.csv,0,4
SASOL Sustainability Report 2023 20-09_0.pdf,41,2,/home/souhail/Desktop/financial-rag/data/processed/tables/SASOL Sustainability Report 2023 20-09_0_p41_t2.csv,4,6
SASOL Sustainability Report 2023 20-09_0.pdf,41,3,/home/souhail/Desktop/financial-rag/data/processed/tables/SASOL Sustainability Report 2023 20-09_0_p41_t3.csv,4,1
SASOL Sustainability Report 2023 20-09_0.pdf,42,0,/home/souhail/Desktop/financial-rag/data/processed/tables/SASOL Sustainability Report 2023 20-09_0_p42_t0.csv,2,1
SASOL Sustainability Report 2023 20-09_0.pdf,42,1,/home/souhail/Desktop/financial-rag/data/processed/tables/SASOL Sustainability Report 2023 20-09_0_p42_t1.csv,0,3
SASOL Sustainability Report 2023 20-09_0.pdf,42,2,/home/souhail/Desktop/financial-rag/data/processed/tables/SASOL Sustainability Report 2023 20-09_0_p42_t2.csv,4,5
SASOL Sustainability Report 2023 20-09_0.pdf,43,0,/home/souhail/Desktop/financial-rag/data/processed/tables/SASOL Sustainability Report 2023 20-09_0_p43_t0.csv,2,1
SASOL Sustainability Report 2023 20-09_0.pdf,43,1,/home/souhail/Desktop/financial-rag/data/processed/tables/SASOL Sustainability Report 2023 20-09_0_p43_t1.csv,0,4
SASOL Sustainability Report 2023 20-09_0.pdf,43,2,/home/souhail/Desktop/financial-rag/data/processed/tables/SASOL Sustainability Report 2023 20-09_0_p43_t2.csv,4,6
SASOL Sustainability Report 2023 20-09_0.pdf,44,0,/home/souhail/Desktop/financial-rag/data/processed/tables/SASOL Sustainability Report 2023 20-09_0_p44_t0.csv,2,1
SASOL Sustainability Report 2023 20-09_0.pdf,44,1,/home/souhail/Desktop/financial-rag/data/processed/tables/SASOL Sustainability Report 2023 20-09_0_p44_t1.csv,4,2
SASOL Sustainability Report 2023 20-09_0.pdf,45,0,/home/souhail/Desktop/financial-rag/data/processed/tables/SASOL Sustainability Report 2023 20-09_0_p45_t0.csv,2,1
SASOL Sustainability Report 2023 20-09_0.pdf,45,1,/home/souhail/Desktop/financial-rag/data/processed/tables/SASOL Sustainability Report 2023 20-09_0_p45_t1.csv,2,1
SASOL Sustainability Report 2023 20-09_0.pdf,46,0,/home/souhail/Desktop/financial-rag/data/processed/tables/SASOL Sustainability Report 2023 20-09_0_p46_t0.csv,2,1
SASOL Sustainability Report 2023 20-09_0.pdf,46,1,/home/souhail/Desktop/financial-rag/data/processed/tables/SASOL Sustainability Report 2023 20-09_0_p46_t1.csv,0,4
SASOL Sustainability Report 2023 20-09_0.pdf,46,2,/home/souhail/Desktop/financial-rag/data/processed/tables/SASOL Sustainability Report 2023 20-09_0_p46_t2.csv,4,6
SASOL Sustainability Report 2023 20-09_0.pdf,47,0,/home/souhail/Desktop/financial-rag/data/processed/tables/SASOL Sustainability Report 2023 20-09_0_p47_t0.csv,2,1
SASOL Sustainability Report 2023 20-09_0.pdf,47,1,/home/souhail/Desktop/financial-rag/data/processed/tables/SASOL Sustainability Report 2023 20-09_0_p47_t1.csv,13,1
SASOL Sustainability Report 2023 20-09_0.pdf,47,2,/home/souhail/Desktop/financial-rag/data/processed/tables/SASOL Sustainability Report 2023 20-09_0_p47_t2.csv,12,3
SASOL Sustainability Report 2023 20-09_0.pdf,48,0,/home/souhail/Desktop/financial-rag/data/processed/tables/SASOL Sustainability Report 2023 20-09_0_p48_t0.csv,2,1
SASOL Sustainability Report 2023 20-09_0.pdf,48,1,/home/souhail/Desktop/financial-rag/data/processed/tables/SASOL Sustainability Report 2023 20-09_0_p48_t1.csv,5,2
SASOL Sustainability Report 2023 20-09_0.pdf,48,2,/home/souhail/Desktop/financial-rag/data/processed/tables/SASOL Sustainability Report 2023 20-09_0_p48_t2.csv,5,1
SASOL Sustainability Report 2023 20-09_0.pdf,49,0,/home/souhail/Desktop/financial-rag/data/processed/tables/SASOL Sustainability Report 2023 20-09_0_p49_t0.csv,2,1
SASOL Sustainability Report 2023 20-09_0.pdf,49,1,/home/souhail/Desktop/financial-rag/data/processed/tables/SASOL Sustainability Report 2023 20-09_0_p49_t1.csv,0,3
SASOL Sustainability Report 2023 20-09_0.pdf,49,2,/home/souhail/Desktop/financial-rag/data/processed/tables/SASOL Sustainability Report 2023 20-09_0_p49_t2.csv,7,4
SASOL Sustainability Report 2023 20-09_0.pdf,49,3,/home/souhail/Desktop/financial-rag/data/processed/tables/SASOL Sustainability Report 2023 20-09_0_p49_t3.csv,4,1
SASOL Sustainability Report 2023 20-09_0.pdf,50,0,/home/souhail/Desktop/financial-rag/data/processed/tables/SASOL Sustainability Report 2023 20-09_0_p50_t0.csv,2,1
SASOL Sustainability Report 2023 20-09_0.pdf,50,1,/home/souhail/Desktop/financial-rag/data/processed/tables/SASOL Sustainability Report 2023 20-09_0_p50_t1.csv,0,4
SASOL Sustainability Report 2023 20-09_0.pdf,50,2,/home/souhail/Desktop/financial-rag/data/processed/tables/SASOL Sustainability Report 2023 20-09_0_p50_t2.csv,5,3
SASOL Sustainability Report 2023 20-09_0.pdf,51,0,/home/souhail/Desktop/financial-rag/data/processed/tables/SASOL Sustainability Report 2023 20-09_0_p51_t0.csv,2,1
SASOL Sustainability Report 2023 20-09_0.pdf,51,1,/home/souhail/Desktop/financial-rag/data/processed/tables/SASOL Sustainability Report 2023 20-09_0_p51_t1.csv,1,2
SASOL Sustainability Report 2023 20-09_0.pdf,51,2,/home/souhail/Desktop/financial-rag/data/processed/tables/SASOL Sustainability Report 2023 20-09_0_p51_t2.csv,2,1
SASOL Sustainability Report 2023 20-09_0.pdf,52,0,/home/souhail/Desktop/financial-rag/data/processed/tables/SASOL Sustainability Report 2023 20-09_0_p52_t0.csv,0,3
SASOL Sustainability Report 2023 20-09_0.pdf,52,1,/home/souhail/Desktop/financial-rag/data/processed/tables/SASOL Sustainability Report 2023 20-09_0_p52_t1.csv,4,2
SASOL Sustainability Report 2023 20-09_0.pdf,53,0,/home/souhail/Desktop/financial-rag/data/processed/tables/SASOL Sustainability Report 2023 20-09_0_p53_t0.csv,2,1
SASOL Sustainability Report 2023 20-09_0.pdf,54,0,/home/souhail/Desktop/financial-rag/data/processed/tables/SASOL Sustainability Report 2023 20-09_0_p54_t0.csv,0,4
SASOL Sustainability Report 2023 20-09_0.pdf,54,1,/home/souhail/Desktop/financial-rag/data/processed/tables/SASOL Sustainability Report 2023 20-09_0_p54_t1.csv,4,2
SASOL Sustainability Report 2023 20-09_0.pdf,55,0,/home/souhail/Desktop/financial-rag/data/processed/tables/SASOL Sustainability Report 2023 20-09_0_p55_t0.csv,2,1
SASOL Sustainability Report 2023 20-09_0.pdf,56,0,/home/souhail/Desktop/financial-rag/data/processed/tables/SASOL Sustainability Report 2023 20-09_0_p56_t0.csv,2,1
SASOL Sustainability Report 2023 20-09_0.pdf,56,1,/home/souhail/Desktop/financial-rag/data/processed/tables/SASOL Sustainability Report 2023 20-09_0_p56_t1.csv,63,1
SASOL Sustainability Report 2023 20-09_0.pdf,56,2,/home/souhail/Desktop/financial-rag/data/processed/tables/SASOL Sustainability Report 2023 20-09_0_p56_t2.csv,57,1
SASOL Sustainability Report 2023 20-09_0.pdf,57,0,/home/souhail/Desktop/financial-rag/data/processed/tables/SASOL Sustainability Report 2023 20-09_0_p57_t0.csv,2,1
SASOL Sustainability Report 2023 20-09_0.pdf,57,1,/home/souhail/Desktop/financial-rag/data/processed/tables/SASOL Sustainability Report 2023 20-09_0_p57_t1.csv,20,3
SASOL Sustainability Report 2023 20-09_0.pdf,57,2,/home/souhail/Desktop/financial-rag/data/processed/tables/SASOL Sustainability Report 2023 20-09_0_p57_t2.csv,56,2
SASOL Sustainability Report 2023 20-09_0.pdf,57,3,/home/souhail/Desktop/financial-rag/data/processed/tables/SASOL Sustainability Report 2023 20-09_0_p57_t3.csv,38,1
SASOL Sustainability Report 2023 20-09_0.pdf,58,0,/home/souhail/Desktop/financial-rag/data/processed/tables/SASOL Sustainability Report 2023 20-09_0_p58_t0.csv,2,1
SASOL Sustainability Report 2023 20-09_0.pdf,58,1,/home/souhail/Desktop/financial-rag/data/processed/tables/SASOL Sustainability Report 2023 20-09_0_p58_t1.csv,63,1
SASOL Sustainability Report 2023 20-09_0.pdf,58,2,/home/souhail/Desktop/financial-rag/data/processed/tables/SASOL Sustainability Report 2023 20-09_0_p58_t2.csv,62,1
SASOL Sustainability Report 2023 20-09_0.pdf,59,0,/home/souhail/Desktop/financial-rag/data/processed/tables/SASOL Sustainability Report 2023 20-09_0_p59_t0.csv,2,1
SASOL Sustainability Report 2023 20-09_0.pdf,59,1,/home/souhail/Desktop/financial-rag/data/processed/tables/SASOL Sustainability Report 2023 20-09_0_p59_t1.csv,61,1
SASOL Sustainability Report 2023 20-09_0.pdf,59,2,/home/souhail/Desktop/financial-rag/data/processed/tables/SASOL Sustainability Report 2023 20-09_0_p59_t2.csv,62,1
SASOL Sustainability Report 2023 20-09_0.pdf,60,0,/home/souhail/Desktop/financial-rag/data/processed/tables/SASOL Sustainability Report 2023 20-09_0_p60_t0.csv,2,1
SASOL Sustainability Report 2023 20-09_0.pdf,60,1,/home/souhail/Desktop/financial-rag/data/processed/tables/SASOL Sustainability Report 2023 20-09_0_p60_t1.csv,61,1
SASOL Sustainability Report 2023 20-09_0.pdf,60,2,/home/souhail/Desktop/financial-rag/data/processed/tables/SASOL Sustainability Report 2023 20-09_0_p60_t2.csv,62,1
SASOL Sustainability Report 2023 20-09_0.pdf,61,0,/home/souhail/Desktop/financial-rag/data/processed/tables/SASOL Sustainability Report 2023 20-09_0_p61_t0.csv,2,1
SASOL Sustainability Report 2023 20-09_0.pdf,61,1,/home/souhail/Desktop/financial-rag/data/processed/tables/SASOL Sustainability Report 2023 20-09_0_p61_t1.csv,61,1
SASOL Sustainability Report 2023 20-09_0.pdf,61,2,/home/souhail/Desktop/financial-rag/data/processed/tables/SASOL Sustainability Report 2023 20-09_0_p61_t2.csv,35,1
SASOL Sustainability Report 2023 20-09_0.pdf,61,3,/home/souhail/Desktop/financial-rag/data/processed/tables/SASOL Sustainability Report 2023 20-09_0_p61_t3.csv,16,1
SASOL Sustainability Report 2023 20-09_0.pdf,61,4,/home/souhail/Desktop/financial-rag/data/processed/tables/SASOL Sustainability Report 2023 20-09_0_p61_t4.csv,4,1
SASOL Sustainability Report 2023 20-09_0.pdf,62,0,/home/souhail/Desktop/financial-rag/data/processed/tables/SASOL Sustainability Report 2023 20-09_0_p62_t0.csv,2,1
SASOL Sustainability Report 2023 20-09_0.pdf,63,0,/home/souhail/Desktop/financial-rag/data/processed/tables/SASOL Sustainability Report 2023 20-09_0_p63_t0.csv,4,2
SASOL Sustainability Report 2023 20-09_0.pdf,63,1,/home/souhail/Desktop/financial-rag/data/processed/tables/SASOL Sustainability Report 2023 20-09_0_p63_t1.csv,12,2
SASOL Sustainability Report 2023 20-09_0.pdf,63,2,/home/souhail/Desktop/financial-rag/data/processed/tables/SASOL Sustainability Report 2023 20-09_0_p63_t2.csv,18,2
SASOL Sustainability Report 2023 20-09_0.pdf,64,0,/home/souhail/Desktop/financial-rag/data/processed/tables/SASOL Sustainability Report 2023 20-09_0_p64_t0.csv,2,1
picknpay-esg-report-spreads-2023.pdf,0,0,/home/souhail/Desktop/financial-rag/data/processed/tables/picknpay-esg-report-spreads-2023_p0_t0.csv,3,4
picknpay-esg-report-spreads-2023.pdf,1,0,/home/souhail/Desktop/financial-rag/data/processed/tables/picknpay-esg-report-spreads-2023_p1_t0.csv,2,1
picknpay-esg-report-spreads-2023.pdf,1,1,/home/souhail/Desktop/financial-rag/data/processed/tables/picknpay-esg-report-spreads-2023_p1_t1.csv,2,1
picknpay-esg-report-spreads-2023.pdf,1,2,/home/souhail/Desktop/financial-rag/data/processed/tables/picknpay-esg-report-spreads-2023_p1_t2.csv,1,2
picknpay-esg-report-spreads-2023.pdf,1,3,/home/souhail/Desktop/financial-rag/data/processed/tables/picknpay-esg-report-spreads-2023_p1_t3.csv,2,1
picknpay-esg-report-spreads-2023.pdf,1,4,/home/souhail/Desktop/financial-rag/data/processed/tables/picknpay-esg-report-spreads-2023_p1_t4.csv,1,2
picknpay-esg-report-spreads-2023.pdf,2,0,/home/souhail/Desktop/financial-rag/data/processed/tables/picknpay-esg-report-spreads-2023_p2_t0.csv,2,1
picknpay-esg-report-spreads-2023.pdf,2,1,/home/souhail/Desktop/financial-rag/data/processed/tables/picknpay-esg-report-spreads-2023_p2_t1.csv,0,4
picknpay-esg-report-spreads-2023.pdf,6,0,/home/souhail/Desktop/financial-rag/data/processed/tables/picknpay-esg-report-spreads-2023_p6_t0.csv,1,3
picknpay-esg-report-spreads-2023.pdf,6,1,/home/souhail/Desktop/financial-rag/data/processed/tables/picknpay-esg-report-spreads-2023_p6_t1.csv,0,2
picknpay-esg-report-spreads-2023.pdf,7,0,/home/souhail/Desktop/financial-rag/data/processed/tables/picknpay-esg-report-spreads-2023_p7_t0.csv,2,1
picknpay-esg-report-spreads-2023.pdf,8,0,/home/souhail/Desktop/financial-rag/data/processed/tables/picknpay-esg-report-spreads-2023_p8_t0.csv,2,1
picknpay-esg-report-spreads-2023.pdf,10,0,/home/souhail/Desktop/financial-rag/data/processed/tables/picknpay-esg-report-spreads-2023_p10_t0.csv,2,1
picknpay-esg-report-spreads-2023.pdf,10,1,/home/souhail/Desktop/financial-rag/data/processed/tables/picknpay-esg-report-spreads-2023_p10_t1.csv,1,2
picknpay-esg-report-spreads-2023.pdf,10,2,/home/souhail/Desktop/financial-rag/data/processed/tables/picknpay-esg-report-spreads-2023_p10_t2.csv,0,2
picknpay-esg-report-spreads-2023.pdf,11,0,/home/souhail/Desktop/financial-rag/data/processed/tables/picknpay-esg-report-spreads-2023_p11_t0.csv,0,2
picknpay-esg-report-spreads-2023.pdf,11,1,/home/souhail/Desktop/financial-rag/data/processed/tables/picknpay-esg-report-spreads-2023_p11_t1.csv,0,2
picknpay-esg-report-spreads-2023.pdf,12,0,/home/souhail/Desktop/financial-rag/data/processed/tables/picknpay-esg-report-spreads-2023_p12_t0.csv,7,5
picknpay-esg-report-spreads-2023.pdf,12,1,/home/souhail/Desktop/financial-rag/data/processed/tables/picknpay-esg-report-spreads-2023_p12_t1.csv,1,3
picknpay-esg-report-spreads-2023.pdf,12,2,/home/souhail/Desktop/financial-rag/data/processed/tables/picknpay-esg-report-spreads-2023_p12_t2.csv,2,3
picknpay-esg-report-spreads-2023.pdf,12,3,/home/souhail/Desktop/financial-rag/data/processed/tables/picknpay-esg-report-spreads-2023_p12_t3.csv,2,3
picknpay-esg-report-spreads-2023.pdf,13,0,/home/souhail/Desktop/financial-rag/data/processed/tables/picknpay-esg-report-spreads-2023_p13_t0.csv,0,2
picknpay-esg-report-spreads-2023.pdf,13,1,/home/souhail/Desktop/financial-rag/data/processed/tables/picknpay-esg-report-spreads-2023_p13_t1.csv,0,2
picknpay-esg-report-spreads-2023.pdf,13,2,/home/souhail/Desktop/financial-rag/data/processed/tables/picknpay-esg-report-spreads-2023_p13_t2.csv,0,2
picknpay-esg-report-spreads-2023.pdf,16,0,/home/souhail/Desktop/financial-rag/data/processed/tables/picknpay-esg-report-spreads-2023_p16_t0.csv,0,6
picknpay-esg-report-spreads-2023.pdf,17,0,/home/souhail/Desktop/financial-rag/data/processed/tables/picknpay-esg-report-spreads-2023_p17_t0.csv,0,6
picknpay-esg-report-spreads-2023.pdf,18,0,/home/souhail/Desktop/financial-rag/data/processed/tables/picknpay-esg-report-spreads-2023_p18_t0.csv,1,6
picknpay-esg-report-spreads-2023.pdf,19,0,/home/souhail/Desktop/financial-rag/data/processed/tables/picknpay-esg-report-spreads-2023_p19_t0.csv,2,6
picknpay-esg-report-spreads-2023.pdf,20,0,/home/souhail/Desktop/financial-rag/data/processed/tables/picknpay-esg-report-spreads-2023_p20_t0.csv,3,6
picknpay-esg-report-spreads-2023.pdf,21,0,/home/souhail/Desktop/financial-rag/data/processed/tables/picknpay-esg-report-spreads-2023_p21_t0.csv,3,6
picknpay-esg-report-spreads-2023.pdf,22,0,/home/souhail/Desktop/financial-rag/data/processed/tables/picknpay-esg-report-spreads-2023_p22_t0.csv,1,2
picknpay-esg-report-spreads-2023.pdf,22,1,/home/souhail/Desktop/financial-rag/data/processed/tables/picknpay-esg-report-spreads-2023_p22_t1.csv,1,2
picknpay-esg-report-spreads-2023.pdf,22,2,/home/souhail/Desktop/financial-rag/data/processed/tables/picknpay-esg-report-spreads-2023_p22_t2.csv,1,2
picknpay-esg-report-spreads-2023.pdf,22,3,/home/souhail/Desktop/financial-rag/data/processed/tables/picknpay-esg-report-spreads-2023_p22_t3.csv,0,2
picknpay-esg-report-spreads-2023.pdf,22,4,/home/souhail/Desktop/financial-rag/data/processed/tables/picknpay-esg-report-spreads-2023_p22_t4.csv,1,2
